Molecule Name,SMILES,Measured Inhibition (%),RF Predicted Inhibition (%)
PCM-0223662,Clc1ccc2[C@@H](CN(CC(=O)Nc3ccc(Br)c(Cl)c3Cl)Cc2c1)C(=O)Nc4cncc5ccccc45,20.299999999999997,20.833199999999948
PCM-0223661,Clc1ccc2[C@@H](CN(CC(=O)Nc3nc4c(Cl)cccc4s3)Cc2c1)C(=O)Nc5cncc6ccccc56,20.900000000000006,20.180600000000027
PCM-0223660,FC(F)(F)c1ccc(CN2CCN(CC2)C(=O)CN3C[C@@H](C(=O)Nc4cncc5ccccc45)c6ccc(Cl)cc6C3)cc1,23.5,37.037200000000006
PCM-0223659,Clc1ccc2[C@@H](CN(CC(=O)N3CCC(CC3)NC(=O)c4ccccc4)Cc2c1)C(=O)Nc5cncc6ccccc56,29.299999999999997,46.627000000000145
PCM-0223658,COc1cccc(CCNC(=O)CN2C[C@@H](C(=O)Nc3cncc4ccccc34)c5ccc(Cl)cc5C2)c1,75.4,85.57040000000003
PCM-0223657,Cc1nccn1c2ccc(NC(=O)CN3C[C@@H](C(=O)Nc4cncc5ccccc45)c6ccc(Cl)cc6C3)cc2,83.5,61.73639999999982
PCM-0223656,Fc1cc(F)c(F)c(NC(=O)CN2C[C@@H](C(=O)Nc3cncc4ccccc34)c5ccc(Cl)cc5C2)c1F,20.0,19.302399999999942
PCM-0223655,Clc1ccc2[C@@H](CN(CC(=O)N(C3CCCCC3)C4CCCCC4)Cc2c1)C(=O)Nc5cncc6ccccc56,20.700000000000003,47.84740000000003
PCM-0223654,FC(F)(F)c1ccc(NC(=O)CN2C[C@@H](C(=O)Nc3cncc4ccccc34)c5ccc(Cl)cc5C2)cc1,19.099999999999994,43.320000000000064
PCM-0223653,CN(C1CCN(C1)C(=O)CN2CC(C(=O)Nc3cncc4ccccc34)c5ccc(Cl)cc5C2)C(=O)OC(C)(C)C,41.1,42.94700000000006
PCM-0223652,Clc1ccc2[C@@H](CN(CC(=O)Nc3ccc4nccnc4c3Br)Cc2c1)C(=O)Nc5cncc6ccccc56,49.2,19.968799999999987
PCM-0223651,FC(F)(F)c1nnc(NC(=O)CN2C[C@@H](C(=O)Nc3cncc4ccccc34)c5ccc(Cl)cc5C2)s1,20.200000000000003,18.81600000000002
PCM-0223650,NC(=O)c1c2CCCCc2sc1NC(=O)CN3C[C@@H](C(=O)Nc4cncc5ccccc45)c6ccc(Cl)cc6C3,55.7,30.94380000000002
PCM-0223649,Clc1ccc2[C@@H](CN(CC(=O)N3CCN(CC3)C(=O)c4occc4)Cc2c1)C(=O)Nc5cncc6ccccc56,26.0,28.703800000000047
PCM-0223648,Clc1ccc2[C@@H](CN(CC(=O)NCc3cccc(Br)c3)Cc2c1)C(=O)Nc4cncc5ccccc45,92.0,86.37160000000023
PCM-0223647,CNC(=O)c1ccccc1NC(=O)CN2C[C@@H](C(=O)Nc3cncc4ccccc34)c5ccc(Cl)cc5C2,28.900000000000006,20.655200000000015
PCM-0223646,Clc1ccc2[C@@H](CN(CC(=O)Nc3ccc(OCc4ccccn4)c(Cl)c3)Cc2c1)C(=O)Nc5cncc6ccccc56,20.299999999999997,41.339800000000096
PCM-0223645,Clc1ccc2[C@@H](CN(CC(=O)N3CCN(CC3)C(=O)OCc4ccccc4)Cc2c1)C(=O)Nc5cncc6ccccc56,12.5,29.042
PCM-0223644,CN1N(C(=O)C(=C1C)NC(=O)CN2C[C@@H](C(=O)Nc3cncc4ccccc34)c5ccc(Cl)cc5C2)c6ccccc6,79.3,34.05119999999997
PCM-0223643,Clc1ccc2[C@@H](CN(CC(=O)Nc3ncnc(Cl)c3Cl)Cc2c1)C(=O)Nc4cncc5ccccc45,17.599999999999994,18.0038
PCM-0223642,Clc1ccc2[C@@H](CN(CC(=O)Nc3ccc(cc3)N4CCOCC4=O)Cc2c1)C(=O)Nc5cncc6ccccc56,91.4,62.434000000000125
PCM-0223641,Clc1ccc2[C@@H](CN(CC(=O)Nc3cccc(Cl)c3C#N)Cc2c1)C(=O)Nc4cncc5ccccc45,20.5,19.717999999999947
PCM-0223640,Clc1ccc2[C@@H](CN(CC(=O)Nc3ccc4cc(Br)ccc4c3)Cc2c1)C(=O)Nc5cncc6ccccc56,16.700000000000003,27.796599999999962
PCM-0223639,Clc1ccc2[C@@H](CN(CC(=O)Nc3ccc(I)cc3)Cc2c1)C(=O)Nc4cncc5ccccc45,49.1,40.18559999999999
PCM-0223638,CC(=O)Nc1ccc(NC(=O)CN2C[C@@H](C(=O)Nc3cncc4ccccc34)c5ccc(Cl)cc5C2)cc1,95.2,33.18400000000007
PCM-0223637,CN(C)C(=O)CN1CCN(CC1)C(=O)CN2C[C@@H](C(=O)Nc3cncc4ccccc34)c5ccc(Cl)cc5C2,33.5,32.10000000000002
PCM-0223636,Clc1ccc2[C@@H](CN(CC(=O)Nc3cc(Cl)nc(Cl)n3)Cc2c1)C(=O)Nc4cncc5ccccc45,17.700000000000003,21.611399999999954
PCM-0223635,N[C@@H](Cc1ccc(O)cc1)C(=O)NC(=O)CN2CC(C(=O)Nc3cncc4ccccc34)c5ccc(Cl)cc5C2,83.0,56.87060000000008
PCM-0223634,Clc1ccc2[C@@H](CN(CC(=O)Nc3cnc(Br)c(Cl)n3)Cc2c1)C(=O)Nc4cncc5ccccc45,19.0,17.207200000000036
PCM-0223633,CC(C)(C)OC(=O)NC1CN(C1)C(=O)CN2C[C@@H](C(=O)Nc3cncc4ccccc34)c5ccc(Cl)cc5C2,37.3,27.52819999999999
PCM-0223632,[O-][N+](=O)c1ccc(NC(=O)CN2C[C@@H](C(=O)Nc3cncc4ccccc34)c5ccc(Cl)cc5C2)c(Cl)c1,22.299999999999997,18.753799999999995
PCM-0223631,Cc1cc(F)cc(Br)c1NC(=O)CN2C[C@@H](C(=O)Nc3cncc4ccccc34)c5ccc(Cl)cc5C2,18.0,18.5534
PCM-0223630,CN(C1CCN(CC1)C(=O)OC(C)(C)C)C(=O)CN2C[C@@H](C(=O)Nc3cncc4ccccc34)c5ccc(Cl)cc5C2,25.900000000000006,45.8535999999999
PCM-0223629,CN(Cc1ccccc1NC(=O)CN2C[C@@H](C(=O)Nc3cncc4ccccc34)c5ccc(Cl)cc5C2)C6CCCCC6,63.9,45.05100000000008
PCM-0223628,Cc1nc(NC(=O)CN2C[C@@H](C(=O)Nc3cncc4ccccc34)c5ccc(Cl)cc5C2)ccc1Br,28.599999999999994,22.893199999999975
PCM-0223627,[O-][N+](=O)c1cc(F)cc(F)c1NC(=O)CN2C[C@@H](C(=O)Nc3cncc4ccccc34)c5ccc(Cl)cc5C2,18.900000000000006,18.0066
PCM-0223626,Clc1ccc2[C@@H](CN(CC(=O)NCCCN3CCS(=O)(=O)CC3)Cc2c1)C(=O)Nc4cncc5ccccc45,80.2,84.63959999999979
PCM-0223625,Clc1ccc2[C@@H](CN(CC(=O)Nc3nc(Cl)nc4nc[nH]c34)Cc2c1)C(=O)Nc5cncc6ccccc56,28.0,20.27420000000003
PCM-0223624,Cc1cn(cn1)c2cc(NC(=O)CN3C[C@@H](C(=O)Nc4cncc5ccccc45)c6ccc(Cl)cc6C3)cc(c2)C(F)(F)F,20.200000000000003,36.23059999999998
PCM-0223623,COc1ccc(NC(=O)C)cc1NC(=O)CN2C[C@@H](C(=O)Nc3cncc4ccccc34)c5ccc(Cl)cc5C2,58.7,42.445800000000105
PCM-0223622,Clc1ccc2[C@@H](CN(CC(=O)Nc3ccc(Br)nc3)Cc2c1)C(=O)Nc4cncc5ccccc45,34.900000000000006,21.58640000000001
PCM-0223621,CCC1(CCC(=O)N(C(=O)CN2CC(C(=O)Nc3cncc4ccccc34)c5ccc(Cl)cc5C2)C1=O)c6ccc(N)cc6,65.2,28.63419999999997
PCM-0223620,Clc1ccc2[C@@H](CN(CC(=O)Nc3cccc4C(=O)NNC(=O)c34)Cc2c1)C(=O)Nc5cncc6ccccc56,28.599999999999994,19.990399999999937
PCM-0223619,Clc1ccc2C(CN(CC(=O)NCC(N3CCOCC3)c4cccnc4)Cc2c1)C(=O)Nc5cncc6ccccc56,65.1,82.26279999999976
PCM-0223618,Clc1ccc2[C@@H](CN(CC(=O)Nc3nnc(Cl)cc3Br)Cc2c1)C(=O)Nc4cncc5ccccc45,22.299999999999997,18.21060000000001
PCM-0223617,CCn1c2ccccc2c3cc(NC(=O)CN4C[C@@H](C(=O)Nc5cncc6ccccc56)c7ccc(Cl)cc7C4)ccc13,21.700000000000003,32.738400000000006
PCM-0223616,O[C@H]([C@H](NC(=O)CN1CC(C(=O)Nc2cncc3ccccc23)c4ccc(Cl)cc4C1)c5ccccc5)c6ccccc6,86.8,75.88040000000014
PCM-0223615,Clc1ccc2[C@@H](CN(CC(=O)Nc3ccncc3I)Cc2c1)C(=O)Nc4cncc5ccccc45,20.900000000000006,21.741799999999984
PCM-0223614,Fc1ccc(NC(=O)CN2C[C@@H](C(=O)Nc3cncc4ccccc34)c5ccc(Cl)cc5C2)c(Br)c1F,20.400000000000006,18.293799999999997
PCM-0223613,FC(F)(F)c1cc(Br)cc(NC(=O)CN2C[C@@H](C(=O)Nc3cncc4ccccc34)c5ccc(Cl)cc5C2)c1,21.099999999999994,20.85780000000004
PCM-0223612,CN1CCN(CC1)c2ccc(NC(=O)CN3C[C@@H](C(=O)Nc4cncc5ccccc45)c6ccc(Cl)cc6C3)cc2F,91.6,31.13099999999995
PCM-0223611,Clc1ccc2[C@@H](CN(CC(=O)Nc3ccnc(Br)c3)Cc2c1)C(=O)Nc4cncc5ccccc45,21.299999999999997,24.34400000000001
PCM-0223610,Clc1ccc2C(CN(CC(=O)N3CCc4ccccc4C3c5ccccc5)Cc2c1)C(=O)Nc6cncc7ccccc67,33.2,31.068200000000022
PCM-0223609,Clc1ccc2[C@@H](CN(CC(=O)Nc3n[nH]c4ccc(Br)cc34)Cc2c1)C(=O)Nc5cncc6ccccc56,24.200000000000003,34.12740000000008
PCM-0223608,[O-][N+](=O)c1cncc(Br)c1NC(=O)CN2C[C@@H](C(=O)Nc3cncc4ccccc34)c5ccc(Cl)cc5C2,18.900000000000006,17.54680000000001
PCM-0223607,CCc1ccc(cc1NC(=O)CN2C[C@@H](C(=O)Nc3cncc4ccccc34)c5ccc(Cl)cc5C2)[N+](=O)[O-],21.5,41.33780000000004
PCM-0223606,CCCc1nn(C)c(C(=O)NC(=O)CN2C[C@@H](C(=O)Nc3cncc4ccccc34)c5ccc(Cl)cc5C2)c1N,80.2,46.989200000000054
PCM-0223605,CC(C)c1cccc(C(C)C)c1NC(=O)CN2C[C@@H](C(=O)Nc3cncc4ccccc34)c5ccc(Cl)cc5C2,61.5,34.72439999999988
PCM-0223604,Cc1cc(Br)cc(C)c1NC(=O)CN2C[C@@H](C(=O)Nc3cncc4ccccc34)c5ccc(Cl)cc5C2,30.5,18.801399999999997
PCM-0223603,Cc1ccc2ccccc2c1NC(=O)CN3C[C@@H](C(=O)Nc4cncc5ccccc45)c6ccc(Cl)cc6C3,58.9,26.082599999999996
PCM-0223602,Cc1ncc(CO)c(CNC(=O)CN2C[C@@H](C(=O)Nc3cncc4ccccc34)c5ccc(Cl)cc5C2)c1O,54.0,61.14339999999983
PCM-0223601,Fc1ccc(NC(=O)CN2C[C@@H](C(=O)Nc3cncc4ccccc34)c5ccc(Cl)cc5C2)c(I)c1,24.700000000000003,17.326199999999965
PCM-0223600,Fc1ccc(CNC(=O)CN2C[C@@H](C(=O)Nc3cncc4ccccc34)c5ccc(Cl)cc5C2)cc1Cl,82.4,82.4062000000003
PCM-0223599,COc1cccc(CNC(=O)CN2C[C@@H](C(=O)Nc3cncc4ccccc34)c5ccc(Cl)cc5C2)c1OC,66.4,85.31260000000007
PCM-0223598,FC(F)(F)c1ccccc1CCNC(=O)CN2C[C@@H](C(=O)Nc3cncc4ccccc34)c5ccc(Cl)cc5C2,82.1,74.34120000000043
PCM-0223597,CN1CCN(CC1)c2ccccc2NC(=O)CN3C[C@@H](C(=O)Nc4cncc5ccccc45)c6ccc(Cl)cc6C3,24.5,62.031999999999954
PCM-0223596,[O-][N+](=O)c1ccc(NC(=O)CN2C[C@@H](C(=O)Nc3cncc4ccccc34)c5ccc(Cl)cc5C2)c6ccccc16,22.400000000000006,29.177199999999964
PCM-0223595,C[C@H]1CN(CCN1C(=O)OC(C)(C)C)C(=O)CN2CC(C(=O)Nc3cncc4ccccc34)c5ccc(Cl)cc5C2,32.2,32.255799999999866
PCM-0223594,Fc1ccc(NC(=O)CN2C[C@@H](C(=O)Nc3cncc4ccccc34)c5ccc(Cl)cc5C2)cc1Br,38.5,22.392999999999965
PCM-0223593,Clc1ccc2[C@@H](CN(CC(=O)Nc3cnc(Cl)c(Br)c3)Cc2c1)C(=O)Nc4cncc5ccccc45,18.5,29.127000000000102
PCM-0223592,CC(C)(C)c1csc(NC(=O)CN2C[C@@H](C(=O)Nc3cncc4ccccc34)c5ccc(Cl)cc5C2)n1,19.099999999999994,64.21080000000012
PCM-0223591,OC12CC3CC(C1)CC(C3)(C2)NC(=O)CN4CC(C(=O)Nc5cncc6ccccc56)c7ccc(Cl)cc7C4,96.4,43.08060000000017
PCM-0223590,Clc1ccc2[C@@H](CN(CC(=O)N3CCC(CC3)c4nc5ccccc5[nH]4)Cc2c1)C(=O)Nc6cncc7ccccc67,76.1,28.98239999999993
PCM-0223589,Cc1ccc(NC(=O)CN2C[C@@H](C(=O)Nc3cncc4ccccc34)c5ccc(Cl)cc5C2)cc1I,35.599999999999994,28.99500000000003
PCM-0223588,Fc1cnc(NC(=O)CN2C[C@@H](C(=O)Nc3cncc4ccccc34)c5ccc(Cl)cc5C2)c(Br)c1,13.5,21.759199999999986
PCM-0223587,COc1nc(Br)cnc1NC(=O)CN2C[C@@H](C(=O)Nc3cncc4ccccc34)c5ccc(Cl)cc5C2,15.099999999999994,23.902200000000004
PCM-0223586,OCCn1cnc2c(NC(=O)CN3C[C@@H](C(=O)Nc4cncc5ccccc45)c6ccc(Cl)cc6C3)ncnc12,16.0,34.47219999999993
PCM-0223585,CN(Cc1cccc2ccccc12)C(=O)CN3C[C@@H](C(=O)Nc4cncc5ccccc45)c6ccc(Cl)cc6C3,58.7,42.37560000000003
PCM-0223584,Clc1ccc2[C@@H](CN(CC(=O)Nc3ccc(Cl)nc3Cl)Cc2c1)C(=O)Nc4cncc5ccccc45,16.099999999999994,26.16379999999992
PCM-0223583,Clc1ccc2[C@@H](CN(CC(=O)Nc3c(cnn3c4ccccn4)C#N)Cc2c1)C(=O)Nc5cncc6ccccc56,16.0,29.439199999999992
PCM-0223582,[O-][N+](=O)c1ccc(NC(=O)CN2C[C@@H](C(=O)Nc3cncc4ccccc34)c5ccc(Cl)cc5C2)cc1,16.400000000000006,39.33300000000009
PCM-0223581,Cc1n[nH]c(NC(=O)CN2C[C@@H](C(=O)Nc3cncc4ccccc34)c5ccc(Cl)cc5C2)c1Br,36.7,26.615799999999982
PCM-0223580,Clc1ccc2[C@@H](CN(CC(=O)N3CCN(CC3)C(=O)C4CC4)Cc2c1)C(=O)Nc5cncc6ccccc56,35.5,39.07180000000002
PCM-0223579,OC[C@@H](Cc1ccccc1)NC(=O)CN2CC(C(=O)Nc3cncc4ccccc34)c5ccc(Cl)cc5C2,73.8,76.59180000000003
PCM-0223578,Cc1cc(Br)c(NC(=O)CN2C[C@@H](C(=O)Nc3cncc4ccccc34)c5ccc(Cl)cc5C2)c(c1)[N+](=O)[O-],15.5,21.72660000000002
PCM-0223577,Cc1nc(Cl)c(NC(=O)CN2C[C@@H](C(=O)Nc3cncc4ccccc34)c5ccc(Cl)cc5C2)c(Cl)n1,16.400000000000006,20.788199999999957
PCM-0223576,Fc1cc(Br)cc(F)c1NC(=O)CN2C[C@@H](C(=O)Nc3cncc4ccccc34)c5ccc(Cl)cc5C2,16.200000000000003,22.374400000000026
PCM-0223575,Clc1ccc2[C@@H](CN(CC(=O)Nc3ccc(cc3)c4ccccc4)Cc2c1)C(=O)Nc5cncc6ccccc56,28.5,53.008200000000016
PCM-0223574,Clc1ccc2[C@@H](CN(CC(=O)Nc3ccc(cc3I)C#N)Cc2c1)C(=O)Nc4cncc5ccccc45,15.5,21.656199999999956
PCM-0223573,COc1cc(Cl)c(C)cc1NC(=O)CN2C[C@@H](C(=O)Nc3cncc4ccccc34)c5ccc(Cl)cc5C2,14.099999999999994,21.38280000000004
PCM-0223572,CC(C)(C)c1ccc(O)c(NC(=O)CN2C[C@@H](C(=O)Nc3cncc4ccccc34)c5ccc(Cl)cc5C2)c1,31.200000000000003,50.29900000000005
PCM-0223571,Clc1ccc2[C@@H](CN(CC(=O)Nc3cccc(c3)c4ccccc4)Cc2c1)C(=O)Nc5cncc6ccccc56,20.0,43.90219999999989
PCM-0223570,Fc1ccc(NC(=O)CN2C[C@@H](C(=O)Nc3cncc4ccccc34)c5ccc(Cl)cc5C2)c(Br)c1,16.900000000000006,20.783399999999993
PCM-0223569,Fc1cccc(CN2CCN(CC2)C(=O)CN3C[C@@H](C(=O)Nc4cncc5ccccc45)c6ccc(Cl)cc6C3)c1,33.599999999999994,28.206999999999965
PCM-0223568,OC(CNC(=O)CN1CC(C(=O)Nc2cncc3ccccc23)c4ccc(Cl)cc4C1)c5ccc(O)cc5,84.1,76.37600000000013
PCM-0223567,FC(F)(F)c1nnc2CN(CCn12)C(=O)CN3C[C@@H](C(=O)Nc4cncc5ccccc45)c6ccc(Cl)cc6C3,35.5,27.80559999999998
PCM-0223566,Oc1c(Cl)cc(NC(=O)CN2C[C@@H](C(=O)Nc3cncc4ccccc34)c5ccc(Cl)cc5C2)cc1Cl,55.3,44.50319999999991
PCM-0223565,CN(Cc1cccc(c1)[N+](=O)[O-])C(=O)CN2C[C@@H](C(=O)Nc3cncc4ccccc34)c5ccc(Cl)cc5C2,38.1,45.46280000000013
PCM-0223564,FC(F)(F)c1nc(NC(=O)CN2C[C@@H](C(=O)Nc3cncc4ccccc34)c5ccc(Cl)cc5C2)ncc1Br,12.599999999999994,22.666600000000003
PCM-0223563,Clc1ccc2[C@@H](CN(CC(=O)N3CCOCC3)Cc2c1)C(=O)Nc4cncc5ccccc45,48.2,51.89780000000029
PCM-0223562,CC(C)(C)N(Cc1ccccc1)C(=O)CN2C[C@@H](C(=O)Nc3cncc4ccccc34)c5ccc(Cl)cc5C2,15.5,44.264199999999995
PCM-0223561,Clc1ccc2[C@@H](CN(CC(=O)NCCc3ccc(Cl)c(Cl)c3)Cc2c1)C(=O)Nc4cncc5ccccc45,87.6,82.51100000000022
PCM-0223560,CCOC(=O)C1CCCN(C1)C(=O)CN2CC(C(=O)Nc3cncc4ccccc34)c5ccc(Cl)cc5C2,66.3,38.90680000000002
PCM-0223559,Clc1ccc2[C@@H](CN(CC(=O)Nc3ccccc3c4nc5ccccc5[nH]4)Cc2c1)C(=O)Nc6cncc7ccccc67,15.299999999999997,28.56040000000003
PCM-0223558,Cc1c(Br)cnc(NC(=O)CN2C[C@@H](C(=O)Nc3cncc4ccccc34)c5ccc(Cl)cc5C2)c1[N+](=O)[O-],28.900000000000006,20.673799999999986
PCM-0223557,[O-][N+](=O)c1c(F)cccc1NC(=O)CN2C[C@@H](C(=O)Nc3cncc4ccccc34)c5ccc(Cl)cc5C2,12.299999999999997,24.178599999999932
PCM-0223556,Clc1ccc2[C@@H](CN(CC(=O)Nc3nnc(s3)c4ccncc4)Cc2c1)C(=O)Nc5cncc6ccccc56,36.3,25.93940000000008
PCM-0223555,FC(F)(F)Oc1ccc(Cl)cc1NC(=O)CN2C[C@@H](C(=O)Nc3cncc4ccccc34)c5ccc(Cl)cc5C2,12.200000000000003,25.982200000000006
PCM-0223554,Fc1cccc(Br)c1NC(=O)CN2C[C@@H](C(=O)Nc3cncc4ccccc34)c5ccc(Cl)cc5C2,77.1,24.047200000000007
PCM-0223553,Clc1ccc2[C@@H](CN(CC(=O)NCc3ccc(cc3)c4ccccc4)Cc2c1)C(=O)Nc5cncc6ccccc56,45.6,83.33120000000008
PCM-0223552,COc1ccc(NC(=O)CN2C[C@@H](C(=O)Nc3cncc4ccccc34)c5ccc(Cl)cc5C2)c(c1)[N+](=O)[O-],19.400000000000006,18.075200000000006
PCM-0223551,Clc1ccc(CCNC(=O)CN2C[C@@H](C(=O)Nc3cncc4ccccc34)c5ccc(Cl)cc5C2)c(Cl)c1,84.7,79.9099999999998
PCM-0223550,COc1cc2CCN(Cc2cc1OC)C(=O)CN3C[C@@H](C(=O)Nc4cncc5ccccc45)c6ccc(Cl)cc6C3,27.599999999999994,29.544599999999903
PCM-0223549,CC1=CC(=O)Oc2cc(NC(=O)CN3C[C@@H](C(=O)Nc4cncc5ccccc45)c6ccc(Cl)cc6C3)ccc12,31.299999999999997,31.66680000000006
PCM-0223548,Oc1c(Cl)cc(Cl)cc1NC(=O)CN2C[C@@H](C(=O)Nc3cncc4ccccc34)c5ccc(Cl)cc5C2,68.8,41.03979999999989
PCM-0223547,Cc1ccc(NC(=O)CN2C[C@@H](C(=O)Nc3cncc4ccccc34)c5ccc(Cl)cc5C2)cc1Br,49.7,25.755800000000008
PCM-0223546,FC(F)(F)C1CCN(CC1)C(=O)CN2C[C@@H](C(=O)Nc3cncc4ccccc34)c5ccc(Cl)cc5C2,55.9,32.42639999999995
PCM-0223545,Cc1c(Br)cccc1NC(=O)CN2C[C@@H](C(=O)Nc3cncc4ccccc34)c5ccc(Cl)cc5C2,41.1,30.935199999999973
PCM-0223544,Clc1ccc2[C@@H](CN(CC(=O)Nc3ccccc3)Cc2c1)C(=O)Nc4cncc5ccccc45,90.1,28.64579999999999
PCM-0223543,Clc1ccc2[C@@H](CN(CC(=O)NCc3c(Cl)cccc3Cl)Cc2c1)C(=O)Nc4cncc5ccccc45,33.8,79.46979999999995
PCM-0223542,Clc1ccc2[C@@H](CN(CC(=O)Nc3cccc(I)c3)Cc2c1)C(=O)Nc4cncc5ccccc45,36.8,26.254599999999925
PCM-0223541,Clc1ccc2[C@@H](CN(CC(=O)N3CCC(=CC3)c4ccccc4)Cc2c1)C(=O)Nc5cncc6ccccc56,30.299999999999997,29.346400000000017
PCM-0223540,Clc1ccc2[C@@H](CN(CC(=O)Nc3ccc(Br)c4ccccc34)Cc2c1)C(=O)Nc5cncc6ccccc56,21.799999999999997,19.930999999999948
PCM-0223539,FC(F)(F)c1cc(NC(=O)CN2C[C@@H](C(=O)Nc3cncc4ccccc34)c5ccc(Cl)cc5C2)ccc1Br,19.900000000000006,25.53460000000001
PCM-0223538,Fc1cc(C#N)c(F)cc1NC(=O)CN2C[C@@H](C(=O)Nc3cncc4ccccc34)c5ccc(Cl)cc5C2,26.599999999999994,20.22759999999993
PCM-0223537,COc1cc(CNC(=O)CN2C[C@@H](C(=O)Nc3cncc4ccccc34)c5ccc(Cl)cc5C2)ccc1O,94.4,83.5722000000001
PCM-0223536,COc1cc2nc(Cl)nc(NC(=O)CN3C[C@@H](C(=O)Nc4cncc5ccccc45)c6ccc(Cl)cc6C3)c2cc1OC,21.0,21.144000000000016
PCM-0223535,Oc1ccccc1N2CCN(CC2)C(=O)CN3C[C@@H](C(=O)Nc4cncc5ccccc45)c6ccc(Cl)cc6C3,79.5,33.875999999999884
PCM-0223534,CCN(Cc1ccc(F)cc1)C(=O)CN2C[C@@H](C(=O)Nc3cncc4ccccc34)c5ccc(Cl)cc5C2,60.8,31.80660000000001
PCM-0223533,Clc1ccc2[C@@H](CN(CC(=O)Nc3cccc(Br)c3)Cc2c1)C(=O)Nc4cncc5ccccc45,40.3,25.86240000000004
PCM-0223532,Cc1cc(Br)c(Cl)cc1NC(=O)CN2C[C@@H](C(=O)Nc3cncc4ccccc34)c5ccc(Cl)cc5C2,17.599999999999994,18.668199999999985
PCM-0223531,Clc1ccc2[C@@H](CN(CC(=O)Nc3ccc(Cl)cc3C#N)Cc2c1)C(=O)Nc4cncc5ccccc45,17.400000000000006,18.8524
PCM-0223530,FC(F)(F)c1ccc(N2CCCC2)c(NC(=O)CN3C[C@@H](C(=O)Nc4cncc5ccccc45)c6ccc(Cl)cc6C3)c1,24.799999999999997,26.083400000000086
PCM-0223529,Oc1c(NC(=O)CN2C[C@@H](C(=O)Nc3cncc4ccccc34)c5ccc(Cl)cc5C2)ccc6ccccc16,72.5,47.683200000000056
PCM-0223528,Clc1ccc2[C@@H](CN(CC(=O)Nc3ccc(cc3)n4ccnc4)Cc2c1)C(=O)Nc5cncc6ccccc56,80.6,60.63220000000004
PCM-0223527,CN(Cc1ccccc1Br)C(=O)CN2C[C@@H](C(=O)Nc3cncc4ccccc34)c5ccc(Cl)cc5C2,40.5,50.388800000000195
PCM-0223526,Clc1ccc2[C@@H](CN(CC(=O)Nc3c(Cl)cncc3Cl)Cc2c1)C(=O)Nc4cncc5ccccc45,16.900000000000006,19.270399999999995
PCM-0223525,Clc1ccc2[C@@H](CN(CC(=O)NCc3ccccc3)Cc2c1)C(=O)Nc4cncc5ccccc45,90.5,68.75259999999999
PCM-0223524,CCOc1ccc(CNC(=O)CN2C[C@@H](C(=O)Nc3cncc4ccccc34)c5ccc(Cl)cc5C2)cc1,84.2,83.86720000000018
PCM-0223523,COc1cc(CNC(=O)CN2C[C@@H](C(=O)Nc3cncc4ccccc34)c5ccc(Cl)cc5C2)cc(OC)c1,90.5,80.48400000000045
PCM-0223522,C[C@H]1CN(CCN1C(=O)CN2CC(C(=O)Nc3cncc4ccccc34)c5ccc(Cl)cc5C2)C(=O)OC(C)(C)C,35.400000000000006,29.75180000000009
PCM-0223521,Clc1ccc2[C@@H](CN(CC(=O)NC3CCN(Cc4ccccc4)CC3)Cc2c1)C(=O)Nc5cncc6ccccc56,76.2,43.472199999999994
PCM-0223520,Cc1cnc(NC(=O)CN2C[C@@H](C(=O)Nc3cncc4ccccc34)c5ccc(Cl)cc5C2)c(c1)[N+](=O)[O-],18.299999999999997,19.547199999999997
PCM-0223519,NC(=O)c1ccc(Cl)c(NC(=O)CN2C[C@@H](C(=O)Nc3cncc4ccccc34)c5ccc(Cl)cc5C2)c1,59.2,21.94259999999998
PCM-0223518,Clc1ccc2[C@@H](CN(CC(=O)Nc3ncccc3OCc4ccccc4)Cc2c1)C(=O)Nc5cncc6ccccc56,21.099999999999994,29.076400000000014
PCM-0223517,Cc1cc(NC(=O)CN2C[C@@H](C(=O)Nc3cncc4ccccc34)c5ccc(Cl)cc5C2)cc(C)c1Br,14.099999999999994,18.643000000000026
PCM-0223516,[O-][N+](=O)c1ccc(NC(=O)CN2C[C@@H](C(=O)Nc3cncc4ccccc34)c5ccc(Cl)cc5C2)c(c1)C(F)(F)F,17.0,26.265199999999908
PCM-0223515,COc1ncc(NC(=O)CN2C[C@@H](C(=O)Nc3cncc4ccccc34)c5ccc(Cl)cc5C2)cc1Br,45.2,19.337400000000017
PCM-0223514,Clc1ccc2[C@@H](CN(CC(=O)Nc3cnc(Br)cn3)Cc2c1)C(=O)Nc4cncc5ccccc45,13.5,24.290399999999927
PCM-0223513,[O-][N+](=O)c1ccc(cc1)n2ncc(C#N)c2NC(=O)CN3C[C@@H](C(=O)Nc4cncc5ccccc45)c6ccc(Cl)cc6C3,16.5,35.35099999999995
PCM-0223512,FC(F)(F)c1cccnc1NC(=O)CN2C[C@@H](C(=O)Nc3cncc4ccccc34)c5ccc(Cl)cc5C2,15.0,17.305200000000017
PCM-0223511,Cc1cccc(C)c1NC(=O)CN2CCN(CC2)C(=O)CN3C[C@@H](C(=O)Nc4cncc5ccccc45)c6ccc(Cl)cc6C3,34.5,28.2744
PCM-0223510,Cc1cc(NC(=O)CN2C[C@@H](C(=O)Nc3cncc4ccccc34)c5ccc(Cl)cc5C2)cnc1Br,17.799999999999997,19.971400000000042
PCM-0223509,FC(F)(F)c1cccc(NC(=O)CN2C[C@@H](C(=O)Nc3cncc4ccccc34)c5ccc(Cl)cc5C2)n1,16.200000000000003,17.777999999999995
PCM-0223508,CC(C)(C)c1cc(NC(=O)CN2C[C@@H](C(=O)Nc3cncc4ccccc34)c5ccc(Cl)cc5C2)n(n1)c6ccccc6,15.5,37.18460000000001
PCM-0223507,COc1cc(NC(=O)CN2C[C@@H](C(=O)Nc3cncc4ccccc34)c5ccc(Cl)cc5C2)ccc1Br,32.900000000000006,24.34780000000001
PCM-0223506,Clc1ccc2[C@@H](CN(CC(=O)Nc3ccc(cc3)n4cccn4)Cc2c1)C(=O)Nc5cncc6ccccc56,80.3,65.55739999999982
PCM-0223505,FC1(F)Oc2ccc(NC(=O)CN3C[C@@H](C(=O)Nc4cncc5ccccc45)c6ccc(Cl)cc6C3)cc2O1,38.0,29.355199999999943
PCM-0223504,C[C@H](NC(=O)CN1CC(C(=O)Nc2cncc3ccccc23)c4ccc(Cl)cc4C1)c5ccc(cc5)[N+](=O)[O-],81.3,82.09100000000032
PCM-0223503,COc1ccc(CNC(=O)CN2C[C@@H](C(=O)Nc3cncc4ccccc34)c5ccc(Cl)cc5C2)c(OC)c1,80.9,81.32760000000032
PCM-0223502,Clc1ccc2[C@@H](CN(CC(=O)Nc3ccccc3I)Cc2c1)C(=O)Nc4cncc5ccccc45,18.400000000000006,19.383999999999958
PCM-0223501,Clc1ccc2[C@@H](CN(CC(=O)N3CCC(CC3)Oc4ccccc4)Cc2c1)C(=O)Nc5cncc6ccccc56,28.5,37.96899999999993
PCM-0223500,Clc1ccc2[C@@H](CN(CC(=O)Nc3cc(Cl)cnc3Br)Cc2c1)C(=O)Nc4cncc5ccccc45,18.099999999999994,17.677000000000014
PCM-0223499,FC(F)(F)Oc1ccc(NC(=O)CN2C[C@@H](C(=O)Nc3cncc4ccccc34)c5ccc(Cl)cc5C2)c(Cl)c1,14.799999999999997,19.870400000000043
PCM-0223498,Fc1cc(I)ccc1NC(=O)CN2C[C@@H](C(=O)Nc3cncc4ccccc34)c5ccc(Cl)cc5C2,31.700000000000003,20.81760000000002
PCM-0223497,Clc1ccc2[C@@H](CN(CC(=O)Nc3nc(cs3)c4ccc(Cl)c(Cl)c4)Cc2c1)C(=O)Nc5cncc6ccccc56,75.4,41.14260000000003
PCM-0223496,[O-][N+](=O)c1cccc(c1)N2CCN(CC2)C(=O)CN3C[C@@H](C(=O)Nc4cncc5ccccc45)c6ccc(Cl)cc6C3,23.0,35.09119999999998
PCM-0223495,Clc1ccc2[C@@H](CN(CC(=O)Nc3ccc(Oc4ccccc4Cl)cc3)Cc2c1)C(=O)Nc5cncc6ccccc56,12.0,37.12700000000009
PCM-0223494,Clc1ccc2[C@@H](CN(CC(=O)N3CCc4c(C3)[nH]c5ccccc45)Cc2c1)C(=O)Nc6cncc7ccccc67,27.900000000000006,50.18319999999992
PCM-0223493,COc1cc(NC(=O)CN2C[C@@H](C(=O)Nc3cncc4ccccc34)c5ccc(Cl)cc5C2)nc(OC)n1,15.700000000000003,18.890199999999957
PCM-0223492,Cc1ccc(c(NC(=O)CN2C[C@@H](C(=O)Nc3cncc4ccccc34)c5ccc(Cl)cc5C2)c1)[N+](=O)[O-],15.400000000000006,20.915999999999983
PCM-0223491,Clc1ccc2[C@@H](CN(CC(=O)Nc3cccnc3Br)Cc2c1)C(=O)Nc4cncc5ccccc45,14.299999999999997,18.536400000000036
PCM-0223490,CC(=O)N(C(=O)CN1C[C@@H](C(=O)Nc2cncc3ccccc23)c4ccc(Cl)cc4C1)c5ccc(N)c(c5)C(F)(F)F,15.200000000000003,41.741400000000105
PCM-0223489,Fc1cc(F)c(NC(=O)CN2C[C@@H](C(=O)Nc3cncc4ccccc34)c5ccc(Cl)cc5C2)cc1Cl,18.400000000000006,24.5580000000001
PCM-0223488,CN1C(=O)c2ccc(NC(=O)CN3C[C@@H](C(=O)Nc4cncc5ccccc45)c6ccc(Cl)cc6C3)cc2C1=O,15.900000000000006,46.67840000000005
PCM-0223487,COc1ccc(cc1)[C@H](C)NC(=O)CN2CC(C(=O)Nc3cncc4ccccc34)c5ccc(Cl)cc5C2,76.4,83.8532000000002
PCM-0223486,FC(F)(F)c1ccnc(NC(=O)CN2C[C@@H](C(=O)Nc3cncc4ccccc34)c5ccc(Cl)cc5C2)c1,20.200000000000003,17.16760000000001
PCM-0223485,Fc1cccc(CNC(=O)CN2C[C@@H](C(=O)Nc3cncc4ccccc34)c5ccc(Cl)cc5C2)c1Cl,64.9,81.6430000000003
PCM-0223484,Fc1ccc(Br)c(CNC(=O)CN2C[C@@H](C(=O)Nc3cncc4ccccc34)c5ccc(Cl)cc5C2)c1,83.4,79.27260000000025
PCM-0223483,CCc1cc(Br)ccc1NC(=O)CN2C[C@@H](C(=O)Nc3cncc4ccccc34)c5ccc(Cl)cc5C2,52.6,34.84080000000007
PCM-0223482,[O-][N+](=O)c1cc(NC(=O)CN2C[C@@H](C(=O)Nc3cncc4ccccc34)c5ccc(Cl)cc5C2)ccc1Br,16.599999999999994,25.331599999999867
PCM-0223481,Clc1ccc2[C@@H](CN(CC(=O)Nc3c(Cl)cc(cc3Cl)C#N)Cc2c1)C(=O)Nc4cncc5ccccc45,25.599999999999994,17.999799999999933
PCM-0223480,CC(C)Sc1ccccc1NC(=O)CN2C[C@@H](C(=O)Nc3cncc4ccccc34)c5ccc(Cl)cc5C2,19.5,51.724799999999995
PCM-0223479,Fc1cc(NC(=O)CN2C[C@@H](C(=O)Nc3cncc4ccccc34)c5ccc(Cl)cc5C2)cc(F)c1Br,14.799999999999997,22.063199999999988
PCM-0223478,COc1cc(NC(=O)CN2C[C@@H](C(=O)Nc3cncc4ccccc34)c5ccc(Cl)cc5C2)c(Cl)cc1Cl,22.599999999999994,20.188400000000033
PCM-0223477,CCS(=O)(=O)N1CCN(CC1)C(=O)CN2C[C@@H](C(=O)Nc3cncc4ccccc34)c5ccc(Cl)cc5C2,27.0,39.92799999999999
PCM-0223476,Oc1cc(Br)ccc1NC(=O)CN2C[C@@H](C(=O)Nc3cncc4ccccc34)c5ccc(Cl)cc5C2,53.0,42.30540000000005
PCM-0223475,Fc1c(NC(=O)CN2C[C@@H](C(=O)Nc3cncc4ccccc34)c5ccc(Cl)cc5C2)cccc1C(F)(F)F,18.0,17.212999999999987
PCM-0223474,Clc1ccc2[C@@H](CN(CC(=O)Nc3n[nH]cc3Br)Cc2c1)C(=O)Nc4cncc5ccccc45,40.5,20.766600000000007
PCM-0223473,Clc1ccc2[C@@H](CN(CC(=O)Nc3ncc(Br)nc3Cl)Cc2c1)C(=O)Nc4cncc5ccccc45,33.7,16.463400000000057
PCM-0223472,Clc1ccc2[C@@H](CN(CC(=O)Nc3ccccc3c4ccccc4)Cc2c1)C(=O)Nc5cncc6ccccc56,34.2,25.720199999999988
PCM-0223471,Clc1ccc2[C@@H](CN(CC(=O)NCC(c3ccccc3)c4ccccc4)Cc2c1)C(=O)Nc5cncc6ccccc56,65.9,77.93519999999972
PCM-0223470,Clc1ccc2[C@@H](CN(CC(=O)N3CCN(CC3)c4ccc(Br)cn4)Cc2c1)C(=O)Nc5cncc6ccccc56,24.299999999999997,23.03160000000001
PCM-0223469,COc1ccc(NC(=O)CN2C[C@@H](C(=O)Nc3cncc4ccccc34)c5ccc(Cl)cc5C2)cc1C(F)(F)F,56.5,22.406999999999982
PCM-0223468,Fc1cc(Br)ccc1CNC(=O)CN2C[C@@H](C(=O)Nc3cncc4ccccc34)c5ccc(Cl)cc5C2,81.3,72.1360000000003
PCM-0223467,CC(NC(=O)CN1CC(C(=O)Nc2cncc3ccccc23)c4ccc(Cl)cc4C1)c5cccc6ccccc56,88.0,74.76940000000018
PCM-0223466,Fc1cc(F)c(NC(=O)CN2C[C@@H](C(=O)Nc3cncc4ccccc34)c5ccc(Cl)cc5C2)c(Cl)c1,19.299999999999997,20.974399999999967
PCM-0223465,CN(C1CCN(Cc2ccccc2)C1)C(=O)CN3CC(C(=O)Nc4cncc5ccccc45)c6ccc(Cl)cc6C3,64.9,35.86180000000007
PCM-0223464,Cc1ccc(NC(=O)CN2C[C@@H](C(=O)Nc3cncc4ccccc34)c5ccc(Cl)cc5C2)c(Br)c1,24.200000000000003,17.465999999999983
PCM-0223463,Oc1c(NC(=O)CN2C[C@@H](C(=O)Nc3cncc4ccccc34)c5ccc(Cl)cc5C2)cc(Cl)cc1[N+](=O)[O-],19.0,51.510599999999734
PCM-0223462,Clc1ccc2[C@@H](CN(CC(=O)Nc3cc(ccc3Cl)C#N)Cc2c1)C(=O)Nc4cncc5ccccc45,20.900000000000006,20.316200000000027
PCM-0223461,Cc1cc(NC(=O)CN2C[C@@H](C(=O)Nc3cncc4ccccc34)c5ccc(Cl)cc5C2)c(Cl)cc1F,23.099999999999994,19.18180000000002
PCM-0223460,[O-][N+](=O)c1ccccc1N2CCN(CC2)C(=O)CN3C[C@@H](C(=O)Nc4cncc5ccccc45)c6ccc(Cl)cc6C3,32.5,25.476400000000005
PCM-0223459,Clc1ccc2[C@@H](CN(CC(=O)Nc3cc(Cl)ccc3Br)Cc2c1)C(=O)Nc4cncc5ccccc45,19.799999999999997,19.33099999999999
PCM-0223458,CCOc1ccccc1CNC(=O)CN2C[C@@H](C(=O)Nc3cncc4ccccc34)c5ccc(Cl)cc5C2,86.2,77.02180000000031
PCM-0223457,[O-][N+](=O)c1ccc(CNC(=O)CN2C[C@@H](C(=O)Nc3cncc4ccccc34)c5ccc(Cl)cc5C2)cc1,87.3,85.38820000000004
PCM-0223456,Fc1ccc(NC(=O)CN2C[C@@H](C(=O)Nc3cncc4ccccc34)c5ccc(Cl)cc5C2)c(Br)n1,16.700000000000003,17.872599999999984
PCM-0223455,Cc1ccc(Cl)cc1N2CCN(CC2)C(=O)CN3C[C@@H](C(=O)Nc4cncc5ccccc45)c6ccc(Cl)cc6C3,14.799999999999997,28.581599999999995
PCM-0223454,CN1CCN(C(C1)c2ccccc2)C(=O)CN3CC(C(=O)Nc4cncc5ccccc45)c6ccc(Cl)cc6C3,71.7,44.91180000000005
PCM-0223453,Fc1cc(NC(=O)CN2C[C@@H](C(=O)Nc3cncc4ccccc34)c5ccc(Cl)cc5C2)ccc1I,19.299999999999997,28.113599999999945
PCM-0223452,Clc1ccc2[C@@H](CN(CC(=O)NCc3ccc(Br)cc3)Cc2c1)C(=O)Nc4cncc5ccccc45,88.3,85.97440000000016
PCM-0223451,Clc1ccc2[C@@H](CN(CC(=O)N3CCN(CC3)c4ncccn4)Cc2c1)C(=O)Nc5cncc6ccccc56,22.200000000000003,23.828599999999955
PCM-0223450,COc1ccc(cc1)c2cc(NC(=O)CN3C[C@@H](C(=O)Nc4cncc5ccccc45)c6ccc(Cl)cc6C3)[nH]n2,33.5,36.97940000000007
PCM-0223449,OC[C@H]1O[C@H](C[C@@H]1O)N2C=CC(=NC2=O)NC(=O)CN3CC(C(=O)Nc4cncc5ccccc45)c6ccc(Cl)cc6C3,22.200000000000003,44.87980000000001
PCM-0223448,CC1=C(CN)C(=O)N(C(=O)CN2C[C@@H](C(=O)Nc3cncc4ccccc34)c5ccc(Cl)cc5C2)C(=C1)C,16.799999999999997,33.632400000000025
PCM-0223447,CC(NC(=O)CN1CC(C(=O)Nc2cncc3ccccc23)c4ccc(Cl)cc4C1)c5ccc(Br)cc5,94.8,79.73460000000036
PCM-0223446,Clc1ccc2[C@@H](CN(CC(=O)Nc3ccc4OCCOc4c3)Cc2c1)C(=O)Nc5cncc6ccccc56,74.4,26.912999999999965
PCM-0223445,Clc1ccc2[C@@H](CN(CC(=O)Nc3ccccc3Cc4ccccc4)Cc2c1)C(=O)Nc5cncc6ccccc56,68.7,29.89500000000009
PCM-0223444,Clc1ccc2[C@@H](CN(CC(=O)Nc3ccc(OCc4ccccc4)cc3)Cc2c1)C(=O)Nc5cncc6ccccc56,39.2,47.68880000000001
PCM-0223443,Oc1ccc(NC(=O)CN2C[C@@H](C(=O)Nc3cncc4ccccc34)c5ccc(Cl)cc5C2)c(c1)[N+](=O)[O-],27.799999999999997,35.88119999999995
PCM-0223442,Clc1ccc2[C@@H](CN(CC(=O)Nc3cccc(Cl)c3Br)Cc2c1)C(=O)Nc4cncc5ccccc45,17.5,19.623000000000008
PCM-0223441,COc1cc(NC(=O)CN2C[C@@H](C(=O)Nc3cncc4ccccc34)c5ccc(Cl)cc5C2)cc(OC)c1,17.099999999999994,21.66920000000002
PCM-0223440,FC(F)(F)Sc1ccc(NC(=O)CN2C[C@@H](C(=O)Nc3cncc4ccccc34)c5ccc(Cl)cc5C2)cc1,41.2,42.133799999999965
PCM-0223439,Oc1cc(Br)cnc1NC(=O)CN2C[C@@H](C(=O)Nc3cncc4ccccc34)c5ccc(Cl)cc5C2,46.4,44.959799999999944
PCM-0223438,Cc1cc(Br)cc(NC(=O)CN2C[C@@H](C(=O)Nc3cncc4ccccc34)c5ccc(Cl)cc5C2)c1,27.5,20.28480000000005
PCM-0223437,COc1cc(Cl)nc(NC(=O)CN2C[C@@H](C(=O)Nc3cncc4ccccc34)c5ccc(Cl)cc5C2)n1,17.900000000000006,20.27860000000004
PCM-0223436,COc1cc(Br)ccc1NC(=O)CN2C[C@@H](C(=O)Nc3cncc4ccccc34)c5ccc(Cl)cc5C2,29.900000000000006,24.806400000000043
PCM-0223435,Cc1ccc2nc(NC(=O)CN3C[C@@H](C(=O)Nc4cncc5ccccc45)c6ccc(Cl)cc6C3)sc2c1,17.799999999999997,23.628199999999982
PCM-0223434,Cc1cc(NC(=O)CN2C[C@@H](C(=O)Nc3cncc4ccccc34)c5ccc(Cl)cc5C2)ncc1I,19.400000000000006,18.18360000000002
PCM-0223433,FC(F)(F)Oc1cccc(NC(=O)CN2C[C@@H](C(=O)Nc3cncc4ccccc34)c5ccc(Cl)cc5C2)c1,25.5,33.89519999999993
PCM-0223432,COc1ncc(Br)cc1NC(=O)CN2C[C@@H](C(=O)Nc3cncc4ccccc34)c5ccc(Cl)cc5C2,21.299999999999997,23.175200000000018
PCM-0223431,Clc1ccc2[C@@H](CN(CC(=O)NC3=Nc4[nH]cnc4C(=O)N3)Cc2c1)C(=O)Nc5cncc6ccccc56,20.799999999999997,23.224600000000017
PCM-0223430,Fc1cc(CNC(=O)CN2C[C@@H](C(=O)Nc3cncc4ccccc34)c5ccc(Cl)cc5C2)cc(F)c1F,78.4,84.18820000000035
PCM-0223429,Clc1ccc2[C@@H](CN(CC(=O)Nc3cc(Cl)c(Br)cn3)Cc2c1)C(=O)Nc4cncc5ccccc45,16.400000000000006,22.01299999999997
PCM-0223428,CN(Cc1ccc(Cl)cc1)C(=O)CN2C[C@@H](C(=O)Nc3cncc4ccccc34)c5ccc(Cl)cc5C2,41.4,38.47560000000003
PCM-0223427,Clc1ccc2[C@@H](CN(CC(=O)NCc3ccccc3Br)Cc2c1)C(=O)Nc4cncc5ccccc45,79.8,81.58880000000019
PCM-0223426,Cc1cc(NC(=O)CN2C[C@@H](C(=O)Nc3cncc4ccccc34)c5ccc(Cl)cc5C2)c(F)cc1Br,22.700000000000003,23.872800000000062
PCM-0223425,Clc1ccc2[C@@H](CN(CC(=O)NCc3cc(Cl)cc(Cl)c3)Cc2c1)C(=O)Nc4cncc5ccccc45,88.3,85.85220000000004
PCM-0223424,Fc1ccc(Br)cc1NC(=O)CN2C[C@@H](C(=O)Nc3cncc4ccccc34)c5ccc(Cl)cc5C2,20.200000000000003,21.938999999999997
PCM-0223423,COc1ccccc1N2CCN(CC2)C(=O)CN3C[C@@H](C(=O)Nc4cncc5ccccc45)c6ccc(Cl)cc6C3,20.299999999999997,28.584199999999978
PCM-0223422,Clc1ccc2[C@@H](CN(CC(=O)Nc3cccc(Br)n3)Cc2c1)C(=O)Nc4cncc5ccccc45,17.799999999999997,19.914999999999996
PCM-0223421,Fc1c(Cl)cc(NC(=O)CN2C[C@@H](C(=O)Nc3cncc4ccccc34)c5ccc(Cl)cc5C2)cc1Cl,19.400000000000006,18.542000000000005
PCM-0223420,COc1c(Cl)cccc1NC(=O)CN2C[C@@H](C(=O)Nc3cncc4ccccc34)c5ccc(Cl)cc5C2,26.5,18.963799999999992
PCM-0223419,FC(F)(F)c1cnc(NC(=O)CN2C[C@@H](C(=O)Nc3cncc4ccccc34)c5ccc(Cl)cc5C2)c(Cl)c1,16.5,54.28160000000018
PCM-0223418,OC[C@H]1OC(O)[C@H](NC(=O)CN2CC(C(=O)Nc3cncc4ccccc34)c5ccc(Cl)cc5C2)[C@@H](O)[C@@H]1O,53.8,49.17280000000006
PCM-0223417,Cc1sc(NC(=O)CN2C[C@@H](C(=O)Nc3cncc4ccccc34)c5ccc(Cl)cc5C2)nc1c6ccc(Cl)cc6,26.700000000000003,28.03559999999997
PCM-0223416,COc1ccc(Cl)c(NC(=O)CN2C[C@@H](C(=O)Nc3cncc4ccccc34)c5ccc(Cl)cc5C2)c1,18.5,20.423400000000004
PCM-0223415,Clc1ccc2[C@@H](CN(CC(=O)N3CCN(CC3)c4nsc5ccccc45)Cc2c1)C(=O)Nc6cncc7ccccc67,20.200000000000003,25.44139999999997
PCM-0223414,CS(=O)(=O)c1ccc(O)c(NC(=O)CN2C[C@@H](C(=O)Nc3cncc4ccccc34)c5ccc(Cl)cc5C2)c1,58.4,40.22500000000003
PCM-0223413,Cc1ccc2cccc(NC(=O)CN3C[C@@H](C(=O)Nc4cncc5ccccc45)c6ccc(Cl)cc6C3)c2n1,21.799999999999997,21.21359999999994
PCM-0223412,Clc1ccc2[C@@H](CN(CC(=O)Nc3ccc4C(=O)NC(=O)c4c3)Cc2c1)C(=O)Nc5cncc6ccccc56,52.6,20.790199999999924
PCM-0223411,Clc1ccc2[C@@H](CN(CC(=O)NCc3ccc(I)cc3)Cc2c1)C(=O)Nc4cncc5ccccc45,83.8,86.94280000000008
PCM-0223410,CC(C)(C)OC(=O)[C@H]1CCCN1C(=O)CN2CC(C(=O)Nc3cncc4ccccc34)c5ccc(Cl)cc5C2,52.8,38.57840000000002
PCM-0223409,Clc1ccc2[C@@H](CN(CC(=O)NCc3ccc4OCOc4c3)Cc2c1)C(=O)Nc5cncc6ccccc56,85.4,86.02140000000017
PCM-0223408,FC(F)Oc1ccc(NC(=O)CN2C[C@@H](C(=O)Nc3cncc4ccccc34)c5ccc(Cl)cc5C2)cc1,75.4,36.18780000000004
PCM-0223407,Fc1cc(Br)c(NC(=O)CN2C[C@@H](C(=O)Nc3cncc4ccccc34)c5ccc(Cl)cc5C2)cc1F,19.5,19.55199999999997
PCM-0223406,CCCOc1ccc(NC(=O)CN2C[C@@H](C(=O)Nc3cncc4ccccc34)c5ccc(Cl)cc5C2)cc1,75.2,36.796000000000134
PCM-0223405,[O-][N+](=O)c1cc(ccc1NC(=O)CN2C[C@@H](C(=O)Nc3cncc4ccccc34)c5ccc(Cl)cc5C2)C(F)(F)F,17.5,18.634400000000014
PCM-0223404,COc1cc2c(oc3ccccc23)cc1NC(=O)CN4C[C@@H](C(=O)Nc5cncc6ccccc56)c7ccc(Cl)cc7C4,22.200000000000003,21.966800000000006
PCM-0223403,Cc1nc(Br)ccc1NC(=O)CN2C[C@@H](C(=O)Nc3cncc4ccccc34)c5ccc(Cl)cc5C2,20.299999999999997,24.67860000000001
PCM-0223402,Cc1cc(I)ccc1NC(=O)CN2C[C@@H](C(=O)Nc3cncc4ccccc34)c5ccc(Cl)cc5C2,15.200000000000003,22.566999999999986
PCM-0223401,FC(F)(F)c1ccc(Cl)c(NC(=O)CN2C[C@@H](C(=O)Nc3cncc4ccccc34)c5ccc(Cl)cc5C2)c1,19.099999999999994,20.28540000000001
PCM-0223400,Clc1ccc2[C@@H](CN(CC(=O)Nc3nc4cc(Cl)ccc4s3)Cc2c1)C(=O)Nc5cncc6ccccc56,17.599999999999994,25.81439999999995
PCM-0223399,Oc1ccc2cccc(NC(=O)CN3C[C@@H](C(=O)Nc4cncc5ccccc45)c6ccc(Cl)cc6C3)c2c1,54.9,45.738199999999956
PCM-0223398,Clc1ccc2[C@@H](CN(CC(=O)Nc3ccc(cc3)c4ccccn4)Cc2c1)C(=O)Nc5cncc6ccccc56,69.5,38.34120000000002
PCM-0223397,Cc1ccc2[nH]cc(CCNC(=O)CN3C[C@@H](C(=O)Nc4cncc5ccccc45)c6ccc(Cl)cc6C3)c2c1,90.1,80.17260000000005
PCM-0223396,Clc1ccc2[C@@H](CN(CC(=O)Nc3ccc4scnc4c3)Cc2c1)C(=O)Nc5cncc6ccccc56,84.8,23.555199999999957
PCM-0223395,Clc1ccc2[C@@H](CN(CC(=O)Nc3cncc(Br)c3)Cc2c1)C(=O)Nc4cncc5ccccc45,20.599999999999994,21.184000000000026
PCM-0223394,OC1(CCN(CC1)C(=O)CN2C[C@@H](C(=O)Nc3cncc4ccccc34)c5ccc(Cl)cc5C2)c6ccc(Cl)cc6,22.900000000000006,32.367200000000054
PCM-0223393,Clc1ccc2[C@@H](CN(CC(=O)Nc3c(Cl)cc(Cl)cc3Br)Cc2c1)C(=O)Nc4cncc5ccccc45,18.799999999999997,19.657599999999974
PCM-0223392,Clc1ccc2[C@@H](CN(CC(=O)NC(c3ccccc3)c4ccccc4)Cc2c1)C(=O)Nc5cncc6ccccc56,85.0,76.99280000000022
PCM-0223391,FC(F)(F)Oc1ccc(CNC(=O)CN2C[C@@H](C(=O)Nc3cncc4ccccc34)c5ccc(Cl)cc5C2)cc1,74.9,83.56420000000014
PCM-0223390,CC(C)c1nc(CN(C)C(=O)CN2C[C@@H](C(=O)Nc3cncc4ccccc34)c5ccc(Cl)cc5C2)cs1,50.3,49.48900000000001
PCM-0223389,CN1CCN(CC1)C2CCN(CC2)C(=O)CN3C[C@@H](C(=O)Nc4cncc5ccccc45)c6ccc(Cl)cc6C3,78.4,51.595800000000025
PCM-0223388,Clc1ccc(Oc2ccc(NC(=O)CN3C[C@@H](C(=O)Nc4cncc5ccccc45)c6ccc(Cl)cc6C3)cc2)cc1,15.599999999999994,43.74980000000015
PCM-0223387,Oc1ccc(cc1)N2CCN(CC2)C(=O)CN3C[C@@H](C(=O)Nc4cncc5ccccc45)c6ccc(Cl)cc6C3,25.900000000000006,50.40840000000006
PCM-0223386,Clc1ccc2[C@@H](CN(CC(=O)Nc3ccccc3Sc4ccccc4)Cc2c1)C(=O)Nc5cncc6ccccc56,19.700000000000003,29.52439999999999
PCM-0223385,Fc1c(Cl)c(Cl)ccc1NC(=O)CN2C[C@@H](C(=O)Nc3cncc4ccccc34)c5ccc(Cl)cc5C2,16.299999999999997,19.58379999999995
PCM-0223384,[O-][N+](=O)c1cccc(Cl)c1NC(=O)CN2C[C@@H](C(=O)Nc3cncc4ccccc34)c5ccc(Cl)cc5C2,19.599999999999994,23.39399999999993
PCM-0223383,Clc1ccc2[C@@H](CN(CC(=O)N3CCN(CCc4ccccc4)CC3)Cc2c1)C(=O)Nc5cncc6ccccc56,51.6,37.30160000000002
PCM-0223382,CSc1ncc(C#N)c(NC(=O)CN2C[C@@H](C(=O)Nc3cncc4ccccc34)c5ccc(Cl)cc5C2)n1,18.799999999999997,19.511799999999997
PCM-0223381,Clc1ccc2[C@@H](CN(CC(=O)Nc3ccc(Cl)c(Cl)c3)Cc2c1)C(=O)Nc4cncc5ccccc45,16.400000000000006,23.759799999999967
PCM-0223380,Clc1ccc2[C@@H](CN(CC(=O)Nc3ccncc3Br)Cc2c1)C(=O)Nc4cncc5ccccc45,17.700000000000003,21.034399999999945
PCM-0223379,Clc1ccc2C(CN(CC(=O)N3CCN(CC3)C(=O)C4COc5ccccc5O4)Cc2c1)C(=O)Nc6cncc7ccccc67,27.700000000000003,32.70639999999998
PCM-0223378,CN(C(c1ccccc1)c2ccccc2)C(=O)CN3C[C@@H](C(=O)Nc4cncc5ccccc45)c6ccc(Cl)cc6C3,34.599999999999994,49.371799999999986
PCM-0223377,FC(F)(F)c1ccc(CCNC(=O)CN2C[C@@H](C(=O)Nc3cncc4ccccc34)c5ccc(Cl)cc5C2)cc1,87.3,79.79480000000011
PCM-0223376,Clc1ccc2[C@@H](CN(CC(=O)Nc3ccccc3Oc4ccccc4)Cc2c1)C(=O)Nc5cncc6ccccc56,60.1,24.41920000000002
PCM-0223375,Clc1ccc2[C@@H](CN(CC(=O)Nc3ccc(I)cn3)Cc2c1)C(=O)Nc4cncc5ccccc45,13.799999999999997,27.176200000000026
PCM-0223374,CC12CC3CC(C)(C1)CC(C3)(C2)NC(=O)CN4CC(C(=O)Nc5cncc6ccccc56)c7ccc(Cl)cc7C4,62.2,49.07040000000004
PCM-0223373,Clc1ccc2[C@@H](CN(CC(=O)Nc3cccc(c3)N4CCOCC4)Cc2c1)C(=O)Nc5cncc6ccccc56,75.2,47.06980000000002
PCM-0223372,Fc1nc(F)c(Cl)c(NC(=O)CN2C[C@@H](C(=O)Nc3cncc4ccccc34)c5ccc(Cl)cc5C2)c1Cl,15.0,18.131799999999984
PCM-0223371,FC(F)(F)c1cc(CNC(=O)CN2C[C@@H](C(=O)Nc3cncc4ccccc34)c5ccc(Cl)cc5C2)ccc1Cl,65.9,84.83080000000021
PCM-0223370,Clc1ccc2[C@@H](CN(CC(=O)NCc3ccc(Oc4ccccc4)cc3)Cc2c1)C(=O)Nc5cncc6ccccc56,58.0,78.9508000000001
PCM-0223369,Clc1ccc2[C@@H](CN(CC(=O)N3CCC(Cc4ccccc4)CC3)Cc2c1)C(=O)Nc5cncc6ccccc56,22.400000000000006,40.81019999999994
PCM-0223368,FC(F)(F)COc1ccccc1NC(=O)CN2C[C@@H](C(=O)Nc3cncc4ccccc34)c5ccc(Cl)cc5C2,36.2,22.012000000000025
PCM-0223367,CCN(CC)S(=O)(=O)c1ccc(NC(=O)CN2C[C@@H](C(=O)Nc3cncc4ccccc34)c5ccc(Cl)cc5C2)cc1,13.0,58.61000000000023
PCM-0223366,CCN1CCN(CC1)c2ccc(NC(=O)CN3C[C@@H](C(=O)Nc4cncc5ccccc45)c6ccc(Cl)cc6C3)cc2,97.4,63.37319999999997
PCM-0223365,Clc1ccc2[C@@H](CN(CC(=O)Nc3ccc(C#N)c(Br)c3)Cc2c1)C(=O)Nc4cncc5ccccc45,17.400000000000006,31.619800000000076
PCM-0223364,FC(F)(F)c1ccc(NC(=O)CN2C[C@@H](C(=O)Nc3cncc4ccccc34)c5ccc(Cl)cc5C2)nc1,86.7,19.472800000000024
PCM-0223363,Fc1ccc(NC(=O)CN2C[C@@H](C(=O)Nc3cncc4ccccc34)c5ccc(Cl)cc5C2)c(c1)C(F)(F)F,13.799999999999997,27.93599999999999
