SMILES y,MW y,mean_corr_activity
O=C(CN(CC1C(Nc2cncc3ccccc23)=O)Cc(cc2)c1cc2Cl)N1CCOCC1,464.952,51.8
O=C(CN(CC1C(Nc2cncc3ccccc23)=O)Cc(cc2)c1cc2Cl)Nc1ccccc1,470.959,9.9
O=C(CN(CC1C(Nc2cncc3ccccc23)=O)Cc(cc2)c1cc2Cl)NCc1ccccc1,484.985,9.5
[O-][N+](c(cc1)ccc1NC(CN(CC1C(Nc2cncc3ccccc23)=O)Cc(cc2)c1cc2Cl)=O)=O,515.956,83.6
CNC(c(cccc1)c1NC(CN(CC1C(Nc2cncc3ccccc23)=O)Cc(cc2)c1cc2Cl)=O)=O,528.01,71.1
CC(Nc(cc1)ccc1NC(CN(CC1C(Nc2cncc3ccccc23)=O)Cc(cc2)c1cc2Cl)=O)=O,528.01,4.8
O=C(CN(CC1C(Nc2cncc3ccccc23)=O)Cc(cc2)c1cc2Cl)Nc(cc1)cc2c1scn2,528.035,15.2
O=C(CN(CC1C(Nc2cncc3ccccc23)=O)Cc(cc2)c1cc2Cl)NC(NC1=O)=Nc2c1nc[nH]2,528.959,79.2
O=C(CN(CC1C(Nc2cncc3ccccc23)=O)Cc(cc2)c1cc2Cl)NCc(cc1)cc2c1OCO2,528.995,25.6
O=C(CN(CC1C(Nc2cncc3ccccc23)=O)Cc(cc2)c1cc2Cl)Nc(cc1)cc2c1OCCO2,528.995,14.6
CCCOc(cc1)ccc1NC(CN(CC1C(Nc2cncc3ccccc23)=O)Cc(cc2)c1cc2Cl)=O,529.038,24.6
CCOc1c(CNC(CN(CC2C(Nc3cncc4ccccc34)=O)Cc(cc3)c2cc3Cl)=O)cccc1,529.038,26.2
C[C@@H](c(cc1)ccc1OC)NC(CN(CC1C(Nc2cncc3ccccc23)=O)Cc(cc2)c1cc2Cl)=O,529.038,15.8
CCOc1ccc(CNC(CN(CC2C(Nc3cncc4ccccc34)=O)Cc(cc3)c2cc3Cl)=O)cc1,529.038,23.6
OC[C@@H](Cc1ccccc1)NC(CN(CC1C(Nc2cncc3ccccc23)=O)Cc(cc2)c1cc2Cl)=O,529.038,13.8
COc1cccc(CCNC(CN(CC2C(Nc3cncc4ccccc34)=O)Cc(cc3)c2cc3Cl)=O)c1,529.038,24.8
[O-][N+](c1ccc(CNC(CN(CC2C(Nc3cncc4ccccc34)=O)Cc(cc3)c2cc3Cl)=O)cc1)=O,529.983,84.6
Cc(cc1)cc(NC(CN(CC2C(Nc3cncc4ccccc34)=O)Cc(cc3)c2cc3Cl)=O)c1[N+]([O-])=O,529.983,12.7
CC(C=C(C)N1C(CN(CC2C(Nc3cncc4ccccc34)=O)Cc(cc3)c2cc3Cl)=O)=C(CN)C1=O,530.026,83.2
N#Cc(cc1)cc(NC(CN(CC2C(Nc3cncc4ccccc34)=O)Cc(cc3)c2cc3Cl)=O)c1Cl,530.414,79.5
N#Cc(cc(cc1)Cl)c1NC(CN(CC1C(Nc2cncc3ccccc23)=O)Cc(cc2)c1cc2Cl)=O,530.414,82.6
N#Cc(c(NC(CN(CC1C(Nc2cncc3ccccc23)=O)Cc(cc2)c1cc2Cl)=O)ccc1)c1Cl,530.414,79.1
Cc(cc1[N+]([O-])=O)cnc1NC(CN(CC1C(Nc2cncc3ccccc23)=O)Cc(cc2)c1cc2Cl)=O,530.971,81.7
O=C(CN(CC1C(Nc2cncc3ccccc23)=O)Cc(cc2)c1cc2Cl)N(CC1)CCC1C(F)(F)F,530.976,44.1
COc1cc(NC(CN(CC2C(Nc3cncc4ccccc34)=O)Cc(cc3)c2cc3Cl)=O)cc(OC)c1,531.01,15.9
COc(cc(CNC(CN(CC1C(Nc2cncc3ccccc23)=O)Cc(cc2)c1cc2Cl)=O)cc1)c1O,531.01,5.6
OC(CNC(CN(CC1C(Nc2cncc3ccccc23)=O)Cc(cc2)c1cc2Cl)=O)c(cc1)ccc1O,531.01,82.9
CCN(Cc(cc1)ccc1F)C(CN(CC1C(Nc2cncc3ccccc23)=O)Cc(cc2)c1cc2Cl)=O,531.029,39.2
N#Cc(c(F)c1)cc(F)c1NC(CN(CC1C(Nc2cncc3ccccc23)=O)Cc(cc2)c1cc2Cl)=O,531.949,73.4
[O-][N+](c(cc(cc1)O)c1NC(CN(CC1C(Nc2cncc3ccccc23)=O)Cc(cc2)c1cc2Cl)=O)=O,531.955,72.2
O=C(CN(CC1C(Nc2cncc3ccccc23)=O)Cc(cc2)c1cc2Cl)N(CC1)CCN1C(C1CC1)=O,532.042,64.5
COc1cc(NC(CN(CC2C(Nc3cncc4ccccc34)=O)Cc(cc3)c2cc3Cl)=O)nc(OC)n1,532.987,84.3
CN(Cc(cc1)ccc1Cl)C(CN(CC1C(Nc2cncc3ccccc23)=O)Cc(cc2)c1cc2Cl)=O,533.457,58.6
[O-][N+](c(c(F)ccc1)c1NC(CN(CC1C(Nc2cncc3ccccc23)=O)Cc(cc2)c1cc2Cl)=O)=O,533.946,87.7
CC(C)(C)c1csc(NC(CN(CC2C(Nc3cncc4ccccc34)=O)Cc(cc3)c2cc3Cl)=O)n1,534.082,80.9
CCOC(C(CCC1)CN1C(CN(CC1C(Nc2cncc3ccccc23)=O)Cc(cc2)c1cc2Cl)=O)=O,535.042,33.7
Cc(ccc1ccccc11)c1NC(CN(CC1C(Nc2cncc3ccccc23)=O)Cc(cc2)c1cc2Cl)=O,535.045,41.1
COc(cc1)cc(NC(CN(CC2C(Nc3cncc4ccccc34)=O)Cc(cc3)c2cc3Cl)=O)c1Cl,535.43,73.5
COc(c(NC(CN(CC1C(Nc2cncc3ccccc23)=O)Cc(cc2)c1cc2Cl)=O)ccc1)c1Cl,535.43,81.5
Cc1ccc(cccc2NC(CN(CC3C(Nc4cncc5ccccc45)=O)Cc(cc4)c3cc4Cl)=O)c2n1,536.033,78.2
O=C(CN(CC1C(Nc2cncc3ccccc23)=O)Cc(cc2)c1cc2Cl)Nc(cc1)ccc1OC(F)F,536.965,24.6
Oc1ccc(cccc2NC(CN(CC3C(Nc4cncc5ccccc45)=O)Cc(cc4)c3cc4Cl)=O)c2c1,537.018,27.5
Oc(c1ccccc1cc1)c1NC(CN(CC1C(Nc2cncc3ccccc23)=O)Cc(cc2)c1cc2Cl)=O,537.018,45.1
O=C(CN(CC1C(Nc2cncc3ccccc23)=O)Cc(cc2)c1cc2Cl)Nc(cc1)ccc1-n1nccc1,537.022,19.4
O=C(CN(CC1C(Nc2cncc3ccccc23)=O)Cc(cc2)c1cc2Cl)Nc(cc1)ccc1-n1cncc1,537.022,19.7
O=C(CN(CC1C(Nc2cncc3ccccc23)=O)Cc(cc2)c1cc2Cl)N(CC1)CC=C1c1ccccc1,537.061,69.7
COc1cc(Cl)nc(NC(CN(CC2C(Nc3cncc4ccccc34)=O)Cc(cc3)c2cc3Cl)=O)n1,537.406,82.1
Cc(c(F)c1)cc(NC(CN(CC2C(Nc3cncc4ccccc34)=O)Cc(cc3)c2cc3Cl)=O)c1Cl,537.421,17.6
O=C(CN(CC1C(Nc2cncc3ccccc23)=O)Cc(cc2)c1cc2Cl)NCc1cccc(F)c1Cl,537.421,35.1
O=C(CN(CC1C(Nc2cncc3ccccc23)=O)Cc(cc2)c1cc2Cl)NCc(cc1)cc(Cl)c1F,537.421,76.9
O=C(CN(CC1C(Nc2cncc3ccccc23)=O)Cc(cc2)c1cc2Cl)NCc(cc1F)cc(F)c1F,538.956,80.9
O=C(CN(CC1C(Nc2cncc3ccccc23)=O)Cc(cc2)c1cc2Cl)Nc1ccc(C(F)(F)F)cc1,538.956,21.6
O=C(CN(CC1C(Nc2cncc3ccccc23)=O)Cc(cc2)c1cc2Cl)Nc1n[nH]cc1Br,539.82,59.5
O=C(CN(CC1C(Nc2cncc3ccccc23)=O)Cc(cc2)c1cc2Cl)Nc(cc1)cc(Cl)c1Cl,539.849,83.6
O=C(CN(CC1C(Nc2cncc3ccccc23)=O)Cc(cc2)c1cc2Cl)Nc1ncccc1C(F)(F)F,539.944,85
O=C(CN(CC1C(Nc2cncc3ccccc23)=O)Cc(cc2)c1cc2Cl)Nc1ncc(C(F)(F)F)cc1,539.944,83.8
O=C(CN(CC1C(Nc2cncc3ccccc23)=O)Cc(cc2)c1cc2Cl)Nc1nc(C(F)(F)F)ccc1,539.944,79.8
O=C(CN(CC1C(Nc2cncc3ccccc23)=O)Cc(cc2)c1cc2Cl)Nc1nccc(C(F)(F)F)c1,539.944,13.3
O=C(CN(CC1C(Nc2cncc3ccccc23)=O)Cc(cc2)c1cc2Cl)Nc(c(Cl)cnc1)c1Cl,539.978,47.4
O=C(CN(CC1C(Nc2cncc3ccccc23)=O)Cc(cc2)c1cc2Cl)Nc(c(Cl)n1)ccc1Cl,540.837,83.9
O=C(CN(CC1C(Nc2cncc3ccccc23)=O)Cc(cc2)c1cc2Cl)Nc(cc1)cc(C(N2)=O)c1C2=O,540.837,83.1
CC(C)(C)N(Cc1ccccc1)C(CN(CC1C(Nc2cncc3ccccc23)=O)Cc(cc2)c1cc2Cl)=O,541.093,84.5
O=C(CN(CC1C(Nc2cncc3ccccc23)=O)Cc(cc2)c1cc2Cl)Nc(ncnc1Cl)c1Cl,541.384,81.6
O=C(CN(CC1C(Nc2cncc3ccccc23)=O)Cc(cc2)c1cc2Cl)Nc1nc(Cl)nc(Cl)c1,541.384,80.7
O=C(CN(CC1C(Nc2cncc3ccccc23)=O)Cc(cc2)c1cc2Cl)Nc(c(F)c1)cc(Cl)c1F,541.825,82.4
O=C(CN(CC1C(Nc2cncc3ccccc23)=O)Cc(cc2)c1cc2Cl)Nc(c(F)cc(F)c1)c1Cl,541.825,82.3
O=C(CN(CC1C(Nc2cncc3ccccc23)=O)Cc(cc2)c1cc2Cl)N(CC1)CCN1c1ncccn1,542.041,77.8
Cc(cc1)cc2c1nc(NC(CN(CC1C(Nc3cncc4ccccc34)=O)Cc(cc3)c1cc3Cl)=O)s2,542.062,82.2
O=C(CN(CC1C(Nc2cncc3ccccc23)=O)Cc(cc2)c1cc2Cl)Nc(c(F)c(cc1F)F)c1F,542.919,80
CC(C)(C)c(cc1)cc(NC(CN(CC2C(Nc3cncc4ccccc34)=O)Cc(cc3)c2cc3Cl)=O)c1O,543.065,68.8
CCc(ccc([N+]([O-])=O)c1)c1NC(CN(CC1C(Nc2cncc3ccccc23)=O)Cc(cc2)c1cc2Cl)=O,544.009,78.5
CN(Cc1cc([N+]([O-])=O)ccc1)C(CN(CC1C(Nc2cncc3ccccc23)=O)Cc(cc2)c1cc2Cl)=O,544.009,61.9
C[C@@H](c(cc1)ccc1[N+]([O-])=O)NC(CN(CC1C(Nc2cncc3ccccc23)=O)Cc(cc2)c1cc2Cl)=O,544.009,18.7
CSc(nc1NC(CN(CC2C(Nc3cncc4ccccc34)=O)Cc(cc3)c2cc3Cl)=O)ncc1C#N,544.038,81.2
COc1cccc(CNC(CN(CC2C(Nc3cncc4ccccc34)=O)Cc(cc3)c2cc3Cl)=O)c1OC,545.037,33.6
COc1cc(CNC(CN(CC2C(Nc3cncc4ccccc34)=O)Cc(cc3)c2cc3Cl)=O)cc(OC)c1,545.037,9.5
COc1cc(OC)c(CNC(CN(CC2C(Nc3cncc4ccccc34)=O)Cc(cc3)c2cc3Cl)=O)cc1,545.037,19.1
OC(CC(C1)C2)(CC1C1)CC12NC(CN(CC1C(Nc2cncc3ccccc23)=O)Cc(cc2)c1cc2Cl)=O,545.081,3.6
CC(C)Sc(cccc1)c1NC(CN(CC1C(Nc2cncc3ccccc23)=O)Cc(cc2)c1cc2Cl)=O,545.105,80.5
COc(cc1)cc([N+]([O-])=O)c1NC(CN(CC1C(Nc2cncc3ccccc23)=O)Cc(cc2)c1cc2Cl)=O,545.982,80.6
Cc1ncc(CO)c(CNC(CN(CC2C(Nc3cncc4ccccc34)=O)Cc(cc3)c2cc3Cl)=O)c1O,546.025,46
O=C(CN(CC1C(Nc2cncc3ccccc23)=O)Cc(cc2)c1cc2Cl)Nc1nnc(C(F)(F)F)s1,546.96,79.8
O=C(CN(CC1C(Nc2cncc3ccccc23)=O)Cc(cc2)c1cc2Cl)Nc(cc1)ccc1-c1ccccc1,547.056,71.5
O=C(CN(CC1C(Nc2cncc3ccccc23)=O)Cc(cc2)c1cc2Cl)Nc1cc(-c2ccccc2)ccc1,547.056,80
O=C(CN(CC1C(Nc2cncc3ccccc23)=O)Cc(cc2)c1cc2Cl)Nc(cccc1)c1-c1ccccc1,547.056,65.8
O=C(CN(CC1C(Nc2cncc3ccccc23)=O)Cc(cc2)c1cc2Cl)Nc1c2[nH]cnc2nc(Cl)n1,547.405,72
O=C(CN(CC1C(Nc2cncc3ccccc23)=O)Cc(cc2)c1cc2Cl)Nc(cc1)ccc1-c1ncccc1,548.044,30.5
CC(C)c1nc(CN(C)C(CN(CC2C(Nc3cncc4ccccc34)=O)Cc(cc3)c2cc3Cl)=O)cs1,548.109,49.7
NC(c(cc1)cc(NC(CN(CC2C(Nc3cncc4ccccc34)=O)Cc(cc3)c2cc3Cl)=O)c1Cl)=O,548.429,40.8
CC(C)(C)OC([C@@H](CCC1)N1C(CN(CC1C(Nc2cncc3ccccc23)=O)Cc(cc2)c1cc2Cl)=O)=O,549.069,47.2
CN(Cc1cccc2ccccc12)C(CN(CC1C(Nc2cncc3ccccc23)=O)Cc(cc2)c1cc2Cl)=O,549.072,41.3
CC(c1cccc2ccccc12)NC(CN(CC1C(Nc2cncc3ccccc23)=O)Cc(cc2)c1cc2Cl)=O,549.072,12
CN(C)C(CN(CC1)CCN1C(CN(CC1C(Nc2cncc3ccccc23)=O)Cc(cc2)c1cc2Cl)=O)=O,549.073,66.5
Cc(cc(c(OC)c1)NC(CN(CC2C(Nc3cncc4ccccc34)=O)Cc(cc3)c2cc3Cl)=O)c1Cl,549.456,85.9
O=C(CN(CC1C(Nc2cncc3ccccc23)=O)Cc(cc2)c1cc2Cl)Nc1cccc(Br)c1,549.855,59.7
CC(C)(C)OC(NC(C1)CN1C(CN(CC1C(Nc2cncc3ccccc23)=O)Cc(cc2)c1cc2Cl)=O)=O,550.057,62.7
O=C(CN(CC1C(Nc2cncc3ccccc23)=O)Cc(cc2)c1cc2Cl)N(CC1)Cc2c1c(cccc1)c1[nH]2,550.06,72.1
[O-][N+](c(cc1)cc(Cl)c1NC(CN(CC1C(Nc2cncc3ccccc23)=O)Cc(cc2)c1cc2Cl)=O)=O,550.401,77.7
[O-][N+](c1cccc(Cl)c1NC(CN(CC1C(Nc2cncc3ccccc23)=O)Cc(cc2)c1cc2Cl)=O)=O,550.401,80.4
O=C(CN(CC1C(Nc2cncc3ccccc23)=O)Cc(cc2)c1cc2Cl)Nc(cc1)cnc1Br,550.843,65.1
O=C(CN(CC1C(Nc2cncc3ccccc23)=O)Cc(cc2)c1cc2Cl)Nc1cc(Br)ncc1,550.843,78.7
O=C(CN(CC1C(Nc2cncc3ccccc23)=O)Cc(cc2)c1cc2Cl)Nc1cccnc1Br,550.843,85.7
O=C(CN(CC1C(Nc2cncc3ccccc23)=O)Cc(cc2)c1cc2Cl)Nc1cccc(Br)n1,550.843,82.2
O=C(CN(CC1C(Nc2cncc3ccccc23)=O)Cc(cc2)c1cc2Cl)Nc1cc(Br)cnc1,550.843,79.4
O=C(CN(CC1C(Nc2cncc3ccccc23)=O)Cc(cc2)c1cc2Cl)Nc(ccnc1)c1Br,550.843,82.3
O=C(CN(CC1C(Nc2cncc3ccccc23)=O)Cc(cc2)c1cc2Cl)Nc(cc1)cc(O2)c1OC2(F)F,550.948,62
Cc1nccn1-c(cc1)ccc1NC(CN(CC1C(Nc2cncc3ccccc23)=O)Cc(cc2)c1cc2Cl)=O,551.048,16.5
O=C(CN(CC1C(Nc2cncc3ccccc23)=O)Cc(cc2)c1cc2Cl)Nc(nc1)cnc1Br,551.831,86.5
[O-][N+](c1cc(F)cc(F)c1NC(CN(CC1C(Nc2cncc3ccccc23)=O)Cc(cc2)c1cc2Cl)=O)=O,551.936,81.1
Cc(cc1)cc2c1[nH]cc2CCNC(CN(CC1C(Nc2cncc3ccccc23)=O)Cc(cc2)c1cc2Cl)=O,552.076,9.9
CC(c(ccc(NC(CN(CC1C(Nc2cncc3ccccc23)=O)Cc(cc2)c1cc2Cl)=O)c1)c1O1)=CC1=O,553.017,68.7
O=C(CN(CC1C(Nc2cncc3ccccc23)=O)Cc(cc2)c1cc2Cl)N1CCC(Cc2ccccc2)CC1,553.104,77.6
Cc1n[nH]c(NC(CN(CC2C(Nc3cncc4ccccc34)=O)Cc(cc3)c2cc3Cl)=O)c1Br,553.847,63.3
O=C(CN(CC1C(Nc2cncc3ccccc23)=O)Cc(cc2)c1cc2Cl)NCc(c(Cl)ccc1)c1Cl,553.876,66.2
O=C(CN(CC1C(Nc2cncc3ccccc23)=O)Cc(cc2)c1cc2Cl)NCc1cc(Cl)cc(Cl)c1,553.876,11.7
CN(C(c(cc1)c2cc1NC(CN(CC1C(Nc3cncc4ccccc34)=O)Cc(cc3)c1cc3Cl)=O)=O)C2=O,554.005,84.1
CN(CC1)CC(c2ccccc2)N1C(CN(CC1C(Nc2cncc3ccccc23)=O)Cc(cc2)c1cc2Cl)=O,554.092,28.3
O=C(CN(CC1C(Nc2cncc3ccccc23)=O)Cc(cc2)c1cc2Cl)Nc1cc(OC(F)(F)F)ccc1,554.955,74.5
O=C(CN(CC1C(Nc2cncc3ccccc23)=O)Cc(cc2)c1cc2Cl)Nc(cccc1C(NN2)=O)c1C2=O,554.993,71.4
O=C(CN(CC1C(Nc2cncc3ccccc23)=O)Cc(cc2)c1cc2Cl)N(CC1)CCC1Oc1ccccc1,555.076,71.5
CC(C)c1cccc(C(C)C)c1NC(CN(CC1C(Nc2cncc3ccccc23)=O)Cc(cc2)c1cc2Cl)=O,555.12,38.5
Oc(c(Cl)cc(NC(CN(CC1C(Nc2cncc3ccccc23)=O)Cc(cc2)c1cc2Cl)=O)c1)c1Cl,555.848,44.7
Oc(c(NC(CN(CC1C(Nc2cncc3ccccc23)=O)Cc(cc2)c1cc2Cl)=O)cc(Cl)c1)c1Cl,555.848,31.2
Cc(nc1Cl)nc(Cl)c1NC(CN(CC1C(Nc2cncc3ccccc23)=O)Cc(cc2)c1cc2Cl)=O,555.852,83.6
O=C(CN(CC1C(Nc2cncc3ccccc23)=O)Cc(cc2)c1cc2Cl)Nc1nnc(-c2ccncc2)s1,556.049,63.7
Oc(cccc1)c1N(CC1)CCN1C(CN(CC1C(Nc2cncc3ccccc23)=O)Cc(cc2)c1cc2Cl)=O,556.064,20.5
Oc(cc1)ccc1N(CC1)CCN1C(CN(CC1C(Nc2cncc3ccccc23)=O)Cc(cc2)c1cc2Cl)=O,556.064,74.1
O=C(CN(CC1C(Nc2cncc3ccccc23)=O)Cc(cc2)c1cc2Cl)Nc1cc(N2CCOCC2)ccc1,556.064,24.8
CCS(N(CC1)CCN1C(CN(CC1C(Nc2cncc3ccccc23)=O)Cc(cc2)c1cc2Cl)=O)(=O)=O,556.085,73
O=C(CN(CC1C(Nc2cncc3ccccc23)=O)Cc(cc2)c1cc2Cl)Nc(cccc1C(F)(F)F)c1F,556.946,82
O=C(CN(CC1C(Nc2cncc3ccccc23)=O)Cc(cc2)c1cc2Cl)Nc(cc1)c(C(F)(F)F)cc1F,556.946,86.2
OC[C@H]([C@H]([C@@H]([C@H]1NC(CN(CC2C(Nc3cncc4ccccc34)=O)Cc(cc3)c2cc3Cl)=O)O)O)OC1O,557.001,46.2
OCCn1c(ncnc2NC(CN(CC3C(Nc4cncc5ccccc45)=O)Cc(cc4)c3cc4Cl)=O)c2nc1,557.012,84
CC(CC(C1)C2)(CC1(C)C1)CC12NC(CN(CC1C(Nc2cncc3ccccc23)=O)Cc(cc2)c1cc2Cl)=O,557.136,37.8
O=C(CN(CC1C(Nc2cncc3ccccc23)=O)Cc(cc2)c1cc2Cl)Nc(cc1Cl)cc(Cl)c1F,557.839,80.6
O=C(CN(CC1C(Nc2cncc3ccccc23)=O)Cc(cc2)c1cc2Cl)Nc(c(F)c1Cl)ccc1Cl,557.839,83.7
O=C(CN(CC1C(Nc2cncc3ccccc23)=O)Cc(cc2)c1cc2Cl)N(CC1)CCN1C(c1ccco1)=O,558.036,74
N[C@@H](Cc(cc1)ccc1O)C(NC(CN(CC1C(Nc2cncc3ccccc23)=O)Cc(cc2)c1cc2Cl)=O)=O,558.036,17
CC(Nc(cc1)cc(NC(CN(CC2C(Nc3cncc4ccccc34)=O)Cc(cc3)c2cc3Cl)=O)c1OC)=O,558.036,41.3
O=C(CN(CC1C(Nc2cncc3ccccc23)=O)Cc(cc2)c1cc2Cl)N(C1CCCCC1)C1CCCCC1,559.152,79.3
CCCc1nn(C)c(C(NC(CN(CC2C(Nc3cncc4ccccc34)=O)Cc(cc3)c2cc3Cl)=O)=O)c1N,560.056,19.8
O=C(CN(CC1C(Nc2cncc3ccccc23)=O)Cc(cc2)c1cc2Cl)NCc(cc1)ccc1-c1ccccc1,561.083,54.4
O=C(CN(CC1C(Nc2cncc3ccccc23)=O)Cc(cc2)c1cc2Cl)Nc1c(Cc2ccccc2)cccc1,561.083,31.3
O=C(CN(CC1C(Nc2cncc3ccccc23)=O)Cc(cc2)c1cc2Cl)NC(c1ccccc1)c1ccccc1,561.083,15
CN(CC1)CCN1C(CC1)CCN1C(CN(CC1C(Nc2cncc3ccccc23)=O)Cc(cc2)c1cc2Cl)=O,561.128,21.6
O=C(CN(CC1C(Nc2cncc3ccccc23)=O)Cc(cc2)c1cc2Cl)Nc(sc1ccc2)nc1c2Cl,562.48,79.1
O=C(CN(CC1C(Nc2cncc3ccccc23)=O)Cc(cc2)c1cc2Cl)Nc1nc(cc(cc2)Cl)c2s1,562.48,82.4
N#Cc1c(NC(CN(CC2C(Nc3cncc4ccccc34)=O)Cc(cc3)c2cc3Cl)=O)n(-c2ncccc2)nc1,563.02,84
O=C(CN(CC1C(Nc2cncc3ccccc23)=O)Cc(cc2)c1cc2Cl)Nc(cccc1)c1Oc1ccccc1,563.055,39.9
O=C(CN(CC1C(Nc2cncc3ccccc23)=O)Cc(cc2)c1cc2Cl)NCc1cccc(Br)c1,563.882,8
Cc(ccc(NC(CN(CC1C(Nc2cncc3ccccc23)=O)Cc(cc2)c1cc2Cl)=O)c1)c1Br,563.882,50.3
Cc(c(NC(CN(CC1C(Nc2cncc3ccccc23)=O)Cc(cc2)c1cc2Cl)=O)ccc1)c1Br,563.882,58.9
Cc(cc1)cc(Br)c1NC(CN(CC1C(Nc2cncc3ccccc23)=O)Cc(cc2)c1cc2Cl)=O,563.882,75.8
O=C(CN(CC1C(Nc2cncc3ccccc23)=O)Cc(cc2)c1cc2Cl)NCc(cc1)ccc1Br,563.882,11.7
Cc1cc(Br)cc(NC(CN(CC2C(Nc3cncc4ccccc34)=O)Cc(cc3)c2cc3Cl)=O)c1,563.882,72.5
O=C(CN(CC1C(Nc2cncc3ccccc23)=O)Cc(cc2)c1cc2Cl)NCc(cccc1)c1Br,563.882,20.2
N#Cc(cc1Cl)cc(Cl)c1NC(CN(CC1C(Nc2cncc3ccccc23)=O)Cc(cc2)c1cc2Cl)=O,564.859,74.4
Cc(nc(cc1)NC(CN(CC2C(Nc3cncc4ccccc34)=O)Cc(cc3)c2cc3Cl)=O)c1Br,564.87,71.4
Cc1cc(NC(CN(CC2C(Nc3cncc4ccccc34)=O)Cc(cc3)c2cc3Cl)=O)cnc1Br,564.87,82.2
Cc(nc(cc1)Br)c1NC(CN(CC1C(Nc2cncc3ccccc23)=O)Cc(cc2)c1cc2Cl)=O,564.87,79.7
CS(c(cc1)cc(NC(CN(CC2C(Nc3cncc4ccccc34)=O)Cc(cc3)c2cc3Cl)=O)c1O)(=O)=O,565.049,41.6
Oc(cc(cc1)Br)c1NC(CN(CC1C(Nc2cncc3ccccc23)=O)Cc(cc2)c1cc2Cl)=O,565.854,47
[O-][N+](c(c1ccccc11)ccc1NC(CN(CC1C(Nc2cncc3ccccc23)=O)Cc(cc2)c1cc2Cl)=O)=O,566.016,77.6
[O-][N+](c(cc(cc1NC(CN(CC2C(Nc3cncc4ccccc34)=O)Cc(cc3)c2cc3Cl)=O)Cl)c1O)=O,566.4,81
Oc1cc(Br)cnc1NC(CN(CC1C(Nc2cncc3ccccc23)=O)Cc(cc2)c1cc2Cl)=O,566.842,53.6
O=C(CN(CC1C(Nc2cncc3ccccc23)=O)Cc(cc2)c1cc2Cl)NCCc1c(C(F)(F)F)cccc1,567.009,17.9
O=C(CN(CC1C(Nc2cncc3ccccc23)=O)Cc(cc2)c1cc2Cl)NCCc1ccc(C(F)(F)F)cc1,567.009,12.7
COc(cc1)ccc1-c1n[nH]c(NC(CN(CC2C(Nc3cncc4ccccc34)=O)Cc(cc3)c2cc3Cl)=O)c1,567.047,66.5
O=C(CN(CC1C(Nc2cncc3ccccc23)=O)Cc(cc2)c1cc2Cl)Nc(cc1)cc(Br)c1F,567.845,61.5
O=C(CN(CC1C(Nc2cncc3ccccc23)=O)Cc(cc2)c1cc2Cl)Nc(ccc(F)c1)c1Br,567.845,83.1
O=C(CN(CC1C(Nc2cncc3ccccc23)=O)Cc(cc2)c1cc2Cl)Nc(c(F)ccc1)c1Br,567.845,22.9
O=C(CN(CC1C(Nc2cncc3ccccc23)=O)Cc(cc2)c1cc2Cl)Nc(cc(cc1)Br)c1F,567.845,79.8
O=C(CN(CC1C(Nc2cncc3ccccc23)=O)Cc(cc2)c1cc2Cl)NCCc(cc1)cc(Cl)c1Cl,567.903,12.4
O=C(CN(CC1C(Nc2cncc3ccccc23)=O)Cc(cc2)c1cc2Cl)NCCc(ccc(Cl)c1)c1Cl,567.903,15.3
O=C(CN(CC1C(Nc2cncc3ccccc23)=O)Cc(cc2)c1cc2Cl)NC1CCN(Cc2ccccc2)CC1,568.119,23.8
CN(C1CN(Cc2ccccc2)CC1)C(CN(CC1C(Nc2cncc3ccccc23)=O)Cc(cc2)c1cc2Cl)=O,568.119,35.1
O=C(CN(CC1C(Nc2cncc3ccccc23)=O)Cc(cc2)c1cc2Cl)N1CCN(CCc2ccccc2)CC1,568.119,48.4
O=C(CN(CC1C(Nc2cncc3ccccc23)=O)Cc(cc2)c1cc2Cl)Nc(ncc(F)c1)c1Br,568.833,86.5
O=C(CN(CC1C(Nc2cncc3ccccc23)=O)Cc(cc2)c1cc2Cl)Nc(c(Br)n1)ccc1F,568.833,83.3
COc(cc1)c(C(F)(F)F)cc1NC(CN(CC1C(Nc2cncc3ccccc23)=O)Cc(cc2)c1cc2Cl)=O,568.982,43.5
O=C(CN(CC1C(Nc2cncc3ccccc23)=O)Cc(cc2)c1cc2Cl)NCc(cc1)ccc1OC(F)(F)F,568.982,25.1
O=C(CN(CC1C(Nc2cncc3ccccc23)=O)Cc(cc2)c1cc2Cl)Nc(cccc1)c1OCC(F)(F)F,568.982,63.8
CN(CC1)CCN1c(cccc1)c1NC(CN(CC1C(Nc2cncc3ccccc23)=O)Cc(cc2)c1cc2Cl)=O,569.107,75.5
COc(cc(c(Cl)c1)NC(CN(CC2C(Nc3cncc4ccccc34)=O)Cc(cc3)c2cc3Cl)=O)c1Cl,569.875,77.4
O=C(CN(CC1C(Nc2cncc3ccccc23)=O)Cc(cc2)c1cc2Cl)N1Cc2nnc(C(F)(F)F)n2CC1,569.974,64.5
O=C(CN(CC1C(Nc2cncc3ccccc23)=O)Cc(cc2)c1cc2Cl)Nc(cc1)ccc1N(CCOC1)C1=O,570.047,8.6
COc(cccc1)c1N(CC1)CCN1C(CN(CC1C(Nc2cncc3ccccc23)=O)Cc(cc2)c1cc2Cl)=O,570.091,79.7
O=C(CN(CC1C(Nc2cncc3ccccc23)=O)Cc(cc2)c1cc2Cl)NCCCN(CC1)CCS1(=O)=O,570.112,19.8
O=C(CN(CC1C(Nc2cncc3ccccc23)=O)Cc(cc2)c1cc2Cl)Nc(cc1)ccc1SC(F)(F)F,571.022,58.8
COc1cc(CCN(C2)C(CN(CC3C(Nc4cncc5ccccc45)=O)Cc(cc4)c3cc4Cl)=O)c2cc1OC,571.075,72.4
O=C(CN(CC1C(Nc2cncc3ccccc23)=O)Cc(cc2)c1cc2Cl)N1CCN(Cc2cc(F)ccc2)CC1,572.082,66.4
O=C(CN(CC1C(Nc2cncc3ccccc23)=O)Cc(cc2)c1cc2Cl)Nc(cc(C(F)(F)F)cc1)c1Cl,573.401,80.9
NC(c1c(NC(CN(CC2C(Nc3cncc4ccccc34)=O)Cc(cc3)c2cc3Cl)=O)sc2c1CCCC2)=O,574.103,44.3
O=C(CN(CC1C(Nc2cncc3ccccc23)=O)Cc(cc2)c1cc2Cl)Nc(ncc(C(F)(F)F)c1)c1Cl,574.389,83.5
N#Cc(ccc(NC(CN(CC1C(Nc2cncc3ccccc23)=O)Cc(cc2)c1cc2Cl)=O)c1)c1Br,574.865,82.6
O=C(CN(CC1C(Nc2cncc3ccccc23)=O)Cc(cc2)c1cc2Cl)NCC(c1ccccc1)c1ccccc1,575.11,34.1
CN(C(c1ccccc1)c1ccccc1)C(CN(CC1C(Nc2cncc3ccccc23)=O)Cc(cc2)c1cc2Cl)=O,575.11,65.4
O=C(CN(CC1C(Nc2cncc3ccccc23)=O)Cc(cc2)c1cc2Cl)Nc(c(Cl)c(nc1F)F)c1Cl,576.817,85
O=C(CN(CC1C(Nc2cncc3ccccc23)=O)Cc(cc2)c1cc2Cl)Nc(cc1)ccc1OCc1ccccc1,577.082,60.8
O=C(CN(CC1C(Nc2cncc3ccccc23)=O)Cc(cc2)c1cc2Cl)NCc(cc1)ccc1Oc1ccccc1,577.082,42
Cc1cc(Br)cc(C)c1NC(CN(CC1C(Nc2cncc3ccccc23)=O)Cc(cc2)c1cc2Cl)=O,577.908,69.5
CN(Cc(cccc1)c1Br)C(CN(CC1C(Nc2cncc3ccccc23)=O)Cc(cc2)c1cc2Cl)=O,577.908,59.5
Cc1cc(NC(CN(CC2C(Nc3cncc4ccccc34)=O)Cc(cc3)c2cc3Cl)=O)cc(C)c1Br,577.908,85.9
CCc(cc(cc1)Br)c1NC(CN(CC1C(Nc2cncc3ccccc23)=O)Cc(cc2)c1cc2Cl)=O,577.908,47.4
CC(c(cc1)ccc1Br)NC(CN(CC1C(Nc2cncc3ccccc23)=O)Cc(cc2)c1cc2Cl)=O,577.908,5.2
O=C(CN(CC1C(Nc2cncc3ccccc23)=O)Cc(cc2)c1cc2Cl)Nc1ncccc1OCc1ccccc1,578.07,78.9
CC(C)(C)OC(N(C)C(CC1)CN1C(CN(CC1C(Nc2cncc3ccccc23)=O)Cc(cc2)c1cc2Cl)=O)=O,578.111,58.9
C[C@@H](CN(CC1)C(CN(CC2C(Nc3cncc4ccccc34)=O)Cc(cc3)c2cc3Cl)=O)N1C(OC(C)(C)C)=O,578.111,67.8
C[C@@H](CN(CC1)C(OC(C)(C)C)=O)N1C(CN(CC1C(Nc2cncc3ccccc23)=O)Cc(cc2)c1cc2Cl)=O,578.111,64.6
O=C(CN(CC1C(Nc2cncc3ccccc23)=O)Cc(cc2)c1cc2Cl)N(CC1)CCC1c1nc(cccc2)c2[nH]1,579.102,23.9
O=C(CN(CC1C(Nc2cncc3ccccc23)=O)Cc(cc2)c1cc2Cl)Nc(cccc1)c1Sc1ccccc1,579.122,80.3
COc(cc(cc1)NC(CN(CC2C(Nc3cncc4ccccc34)=O)Cc(cc3)c2cc3Cl)=O)c1Br,579.881,67.1
COc(cc(cc1)Br)c1NC(CN(CC1C(Nc2cncc3ccccc23)=O)Cc(cc2)c1cc2Cl)=O,579.881,70.1
COc(ncc(NC(CN(CC1C(Nc2cncc3ccccc23)=O)Cc(cc2)c1cc2Cl)=O)c1)c1Br,580.869,54.8
COc(c(NC(CN(CC1C(Nc2cncc3ccccc23)=O)Cc(cc2)c1cc2Cl)=O)c1)ncc1Br,580.869,78.7
CC(N(C)N(C1=O)c2ccccc2)=C1NC(CN(CC1C(Nc2cncc3ccccc23)=O)Cc(cc2)c1cc2Cl)=O,581.074,20.7
COc1c(NC(CN(CC2C(Nc3cncc4ccccc34)=O)Cc(cc3)c2cc3Cl)=O)ncc(Br)n1,581.857,84.9
Cc1cc(F)cc(Br)c1NC(CN(CC1C(Nc2cncc3ccccc23)=O)Cc(cc2)c1cc2Cl)=O,581.872,82
O=C(CN(CC1C(Nc2cncc3ccccc23)=O)Cc(cc2)c1cc2Cl)NCc(cc(cc1)F)c1Br,581.872,16.6
O=C(CN(CC1C(Nc2cncc3ccccc23)=O)Cc(cc2)c1cc2Cl)NCc(ccc(Br)c1)c1F,581.872,18.7
Cc(cc(c(F)c1)NC(CN(CC2C(Nc3cncc4ccccc34)=O)Cc(cc3)c2cc3Cl)=O)c1Br,581.872,77.3
O=C(CN(CC1C(Nc2cncc3ccccc23)=O)Cc(cc2)c1cc2Cl)N(CC1)CCC1NC(c1ccccc1)=O,582.102,70.7
CCN(CC1)CCN1c(cc1)ccc1NC(CN(CC1C(Nc2cncc3ccccc23)=O)Cc(cc2)c1cc2Cl)=O,583.134,2.6
[O-][N+](c(cc1)cc(C(F)(F)F)c1NC(CN(CC1C(Nc2cncc3ccccc23)=O)Cc(cc2)c1cc2Cl)=O)=O,583.953,83
[O-][N+](c(cc(C(F)(F)F)cc1)c1NC(CN(CC1C(Nc2cncc3ccccc23)=O)Cc(cc2)c1cc2Cl)=O)=O,583.953,82.5
O=C(CN(CC1C(Nc2cncc3ccccc23)=O)Cc(cc2)c1cc2Cl)Nc(cc(cc1)Cl)c1Br,584.3,80.2
O=C(CN(CC1C(Nc2cncc3ccccc23)=O)Cc(cc2)c1cc2Cl)Nc1cccc(Cl)c1Br,584.3,82.5
[O-][N+](c1cccc(N(CC2)CCN2C(CN(CC2C(Nc3cncc4ccccc34)=O)Cc(cc3)c2cc3Cl)=O)c1)=O,585.062,77
[O-][N+](c(cccc1)c1N(CC1)CCN1C(CN(CC1C(Nc2cncc3ccccc23)=O)Cc(cc2)c1cc2Cl)=O)=O,585.062,67.5
O=C(CN(CC1C(Nc2cncc3ccccc23)=O)Cc(cc2)c1cc2Cl)NCC(c1cnccc1)N1CCOCC1,585.106,34.9
O=C(CN(CC1C(Nc2cncc3ccccc23)=O)Cc(cc2)c1cc2Cl)Nc(nc1)cc(Cl)c1Br,585.288,81.5
O=C(CN(CC1C(Nc2cncc3ccccc23)=O)Cc(cc2)c1cc2Cl)Nc1cc(Cl)cnc1Br,585.288,81.9
O=C(CN(CC1C(Nc2cncc3ccccc23)=O)Cc(cc2)c1cc2Cl)Nc(cn1)cc(Br)c1Cl,585.288,83.6
O=C(CN(CC1C(Nc2cncc3ccccc23)=O)Cc(cc2)c1cc2Cl)Nc(c(Br)c1F)ccc1F,585.835,79.6
O=C(CN(CC1C(Nc2cncc3ccccc23)=O)Cc(cc2)c1cc2Cl)Nc(c(F)cc(Br)c1)c1F,585.835,83.8
O=C(CN(CC1C(Nc2cncc3ccccc23)=O)Cc(cc2)c1cc2Cl)Nc(cc1F)cc(F)c1Br,585.835,85.2
O=C(CN(CC1C(Nc2cncc3ccccc23)=O)Cc(cc2)c1cc2Cl)Nc(cc(c(F)c1)F)c1Br,585.835,80.5
O=C(CN(CC1C(Nc2cncc3ccccc23)=O)Cc(cc2)c1cc2Cl)Nc(nc1Cl)cnc1Br,586.276,81
O=C(CN(CC1C(Nc2cncc3ccccc23)=O)Cc(cc2)c1cc2Cl)Nc(nnc(Cl)c1)c1Br,586.276,77.7
O=C(CN(CC1C(Nc2cncc3ccccc23)=O)Cc(cc2)c1cc2Cl)Nc(ncc(Br)n1)c1Cl,586.276,66.3
O=C(CN(CC1C(Nc2cncc3ccccc23)=O)Cc(cc2)c1cc2Cl)Nc(cccc1)c1-c1nc(cccc2)c2[nH]1,587.081,84.7
CN(CC1)CCN1c(ccc(NC(CN(CC1C(Nc2cncc3ccccc23)=O)Cc(cc2)c1cc2Cl)=O)c1)c1F,587.097,8.4
O=C(CN(CC1C(Nc2cncc3ccccc23)=O)Cc(cc2)c1cc2Cl)N(CC1)C(c2ccccc2)c2c1cccc2,587.121,66.8
O=C(CN(CC1C(Nc2cncc3ccccc23)=O)Cc(cc2)c1cc2Cl)NCc(cc1)cc(C(F)(F)F)c1Cl,587.428,34.1
CCn1c(ccc(NC(CN(CC2C(Nc3cncc4ccccc34)=O)Cc(cc3)c2cc3Cl)=O)c2)c2c2c1cccc2,588.109,78.3
Cc(ccc(Cl)c1)c1N(CC1)CCN1C(CN(CC1C(Nc2cncc3ccccc23)=O)Cc(cc2)c1cc2Cl)=O,588.537,85.2
O=C(CN(CC1C(Nc2cncc3ccccc23)=O)Cc(cc2)c1cc2Cl)Nc(cc(cc1)Cl)c1OC(F)(F)F,589.4,87.8
O=C(CN(CC1C(Nc2cncc3ccccc23)=O)Cc(cc2)c1cc2Cl)Nc(ccc(OC(F)(F)F)c1)c1Cl,589.4,85.2
OC(CC1)(CCN1C(CN(CC1C(Nc2cncc3ccccc23)=O)Cc(cc2)c1cc2Cl)=O)c(cc1)ccc1Cl,589.521,77.1
O=C(CN(CC1C(Nc2cncc3ccccc23)=O)Cc(cc2)c1cc2Cl)Nc1n[nH]c(cc2)c1cc2Br,589.88,75.8
COc(cc(c(cccc1)c1o1)c1c1)c1NC(CN(CC1C(Nc2cncc3ccccc23)=O)Cc(cc2)c1cc2Cl)=O,591.065,77.8
O[C@H]([C@@H](c1ccccc1)NC(CN(CC1C(Nc2cncc3ccccc23)=O)Cc(cc2)c1cc2Cl)=O)c1ccccc1,591.109,13.2
CC(C)(C)OC(N(CC1)CCC1N(C)C(CN(CC1C(Nc2cncc3ccccc23)=O)Cc(cc2)c1cc2Cl)=O)=O,592.138,74.1
CC(C)(C)c(cc1NC(CN(CC2C(Nc3cncc4ccccc34)=O)Cc(cc3)c2cc3Cl)=O)nn1-c1ccccc1,593.129,84.5
[O-][N+](c(cc(cc1)NC(CN(CC2C(Nc3cncc4ccccc34)=O)Cc(cc3)c2cc3Cl)=O)c1Br)=O,594.852,83.4
[O-][N+](c1cncc(Br)c1NC(CN(CC1C(Nc2cncc3ccccc23)=O)Cc(cc2)c1cc2Cl)=O)=O,595.84,81.1
CC(N(C(CN(CC1C(Nc2cncc3ccccc23)=O)Cc(cc2)c1cc2Cl)=O)c(cc1)cc(C(F)(F)F)c1N)=O,596.008,84.8
CN(Cc(cccc1)c1NC(CN(CC1C(Nc2cncc3ccccc23)=O)Cc(cc2)c1cc2Cl)=O)C1CCCCC1,596.173,36.1
O=C(CN(CC1C(Nc2cncc3ccccc23)=O)Cc(cc2)c1cc2Cl)Nc(cc1)ccc1I,596.851,50.9
O=C(CN(CC1C(Nc2cncc3ccccc23)=O)Cc(cc2)c1cc2Cl)Nc1cccc(I)c1,596.851,63.2
O=C(CN(CC1C(Nc2cncc3ccccc23)=O)Cc(cc2)c1cc2Cl)Nc(cccc1)c1I,596.851,81.6
O=C(CN(CC1C(Nc2cncc3ccccc23)=O)Cc(cc2)c1cc2Cl)N(CC1)CCN1c1nsc2c1cccc2,597.141,79.8
O=C(CN(CC1C(Nc2cncc3ccccc23)=O)Cc(cc2)c1cc2Cl)Nc(cc1)ccc1Oc(cccc1)c1Cl,597.5,88
O=C(CN(CC1C(Nc2cncc3ccccc23)=O)Cc(cc2)c1cc2Cl)Nc(cc1)ccc1Oc(cc1)ccc1Cl,597.5,84.4
O=C(CN(CC1C(Nc2cncc3ccccc23)=O)Cc(cc2)c1cc2Cl)Nc(ccnc1)c1I,597.839,79.1
O=C(CN(CC1C(Nc2cncc3ccccc23)=O)Cc(cc2)c1cc2Cl)Nc(cc1)ncc1I,597.839,86.2
O=C(CN(CC1C(Nc2cncc3ccccc23)=O)Cc(cc2)c1cc2Cl)N(CC1)CCN1C(OCc1ccccc1)=O,598.101,87.5
Cc(c(NC(CN(CC1C(Nc2cncc3ccccc23)=O)Cc(cc2)c1cc2Cl)=O)c1)cc(Br)c1Cl,598.327,82.4
O=C(CN(CC1C(Nc2cncc3ccccc23)=O)Cc(cc2)c1cc2Cl)Nc1ccc(cc(cc2)Br)c2c1,599.915,83.3
O=C(CN(CC1C(Nc2cncc3ccccc23)=O)Cc(cc2)c1cc2Cl)Nc(c1ccccc11)ccc1Br,599.915,78.2
O=C(CN(CC1C(Nc2cncc3ccccc23)=O)Cc(cc2)c1cc2Cl)Nc(ccc1nccnc11)c1Br,601.891,50.8
Cc1c(-c(cc2)ccc2Cl)nc(NC(CN(CC2C(Nc3cncc4ccccc34)=O)Cc(cc3)c2cc3Cl)=O)s1,602.545,73.3
OC[C@H]([C@H](C1)O)O[C@H]1N(C=CC(NC(CN(CC1C(Nc2cncc3ccccc23)=O)Cc(cc2)c1cc2Cl)=O)=N1)C1=O,605.049,77.8
CCN(CC)S(c(cc1)ccc1NC(CN(CC1C(Nc2cncc3ccccc23)=O)Cc(cc2)c1cc2Cl)=O)(=O)=O,606.145,87
N#Cc1c(NC(CN(CC2C(Nc3cncc4ccccc34)=O)Cc(cc3)c2cc3Cl)=O)n(-c(cc2)ccc2[N+]([O-])=O)nc1,607.029,83.5
O=C(CN(CC1C(Nc2cncc3ccccc23)=O)Cc(cc2)c1cc2Cl)Nc(cc(C(F)(F)F)cc1)c1N1CCCC1,608.062,75.2
Cc(cc1[N+]([O-])=O)cc(Br)c1NC(CN(CC1C(Nc2cncc3ccccc23)=O)Cc(cc2)c1cc2Cl)=O,608.879,84.5
Cc(c([N+]([O-])=O)c(NC(CN(CC1C(Nc2cncc3ccccc23)=O)Cc(cc2)c1cc2Cl)=O)nc1)c1Br,609.867,71.1
CCC(CCC(N1C(CN(CC2C(Nc3cncc4ccccc34)=O)Cc(cc3)c2cc3Cl)=O)=O)(c(cc2)ccc2N)C1=O,610.112,34.8
Cc(ccc(NC(CN(CC1C(Nc2cncc3ccccc23)=O)Cc(cc2)c1cc2Cl)=O)c1)c1I,610.878,64.4
O=C(CN(CC1C(Nc2cncc3ccccc23)=O)Cc(cc2)c1cc2Cl)NCc(cc1)ccc1I,610.878,16.2
Cc(cc(cc1)I)c1NC(CN(CC1C(Nc2cncc3ccccc23)=O)Cc(cc2)c1cc2Cl)=O,610.878,84.8
Cc(cc(NC(CN(CC1C(Nc2cncc3ccccc23)=O)Cc(cc2)c1cc2Cl)=O)nc1)c1I,611.866,80.6
O=C(CN(CC1C(Nc2cncc3ccccc23)=O)Cc(cc2)c1cc2Cl)Nc(cc1)cc(Cl)c1OCc1ncccc1,612.515,79.7
O=C(CN(CC1C(Nc2cncc3ccccc23)=O)Cc(cc2)c1cc2Cl)Nc(ccc(F)c1)c1I,614.841,75.3
O=C(CN(CC1C(Nc2cncc3ccccc23)=O)Cc(cc2)c1cc2Cl)Nc(ccc(I)c1)c1F,614.841,68.3
O=C(CN(CC1C(Nc2cncc3ccccc23)=O)Cc(cc2)c1cc2Cl)Nc(cc1)cc(F)c1I,614.841,80.7
COc(cc1c(NC(CN(CC2C(Nc3cncc4ccccc34)=O)Cc(cc3)c2cc3Cl)=O)nc(Cl)nc1c1)c1OC,617.491,79
O=C(CN(CC1C(Nc2cncc3ccccc23)=O)Cc(cc2)c1cc2Cl)Nc1cc(C(F)(F)F)cc(Br)c1,617.852,78.9
O=C(CN(CC1C(Nc2cncc3ccccc23)=O)Cc(cc2)c1cc2Cl)Nc(cc1)cc(C(F)(F)F)c1Br,617.852,80.1
O=C(CN(CC1C(Nc2cncc3ccccc23)=O)Cc(cc2)c1cc2Cl)Nc(ccc(Br)c1Cl)c1Cl,618.745,79.7
O=C(CN(CC1C(Nc2cncc3ccccc23)=O)Cc(cc2)c1cc2Cl)Nc(c(Cl)cc(Cl)c1)c1Br,618.745,81.2
Cc(nc1)cn1-c1cc(C(F)(F)F)cc(NC(CN(CC2C(Nc3cncc4ccccc34)=O)Cc(cc3)c2cc3Cl)=O)c1,619.045,79.8
O=C(CN(CC1C(Nc2cncc3ccccc23)=O)Cc(cc2)c1cc2Cl)Nc(nc1)nc(C(F)(F)F)c1Br,619.828,87.4
O=C(CN(CC1C(Nc2cncc3ccccc23)=O)Cc(cc2)c1cc2Cl)N(CC1)CCN1c(cc1)ncc1Br,619.949,75.7
N#Cc(cc1)cc(I)c1NC(CN(CC1C(Nc2cncc3ccccc23)=O)Cc(cc2)c1cc2Cl)=O,621.861,84.5
O=C(CN(CC1C(Nc2cncc3ccccc23)=O)Cc(cc2)c1cc2Cl)N1CCN(Cc2ccc(C(F)(F)F)cc2)CC1,622.089,76.5
O=C(CN(CC1C(Nc2cncc3ccccc23)=O)Cc(cc2)c1cc2Cl)Nc1nc(-c(cc2)cc(Cl)c2Cl)cs1,622.963,24.6
Cc1cccc(C)c1NC(CN(CC1)CCN1C(CN(CC1C(Nc2cncc3ccccc23)=O)Cc(cc2)c1cc2Cl)=O)=O,625.171,65.5
O=C(CN(CC1C(Nc2cncc3ccccc23)=O)Cc(cc2)c1cc2Cl)N(CC1)CCN1C(C1Oc(cccc2)c2OC1)=O,626.111,72.3